experiment,stack,card_pair,win
1,1,1,1
1,1,2,1
1,1,3,0
1,1,4,0
1,1,5,1
1,1,6,1
1,1,7,1
1,1,8,0
1,1,9,0
1,1,10,1
1,1,11,1
1,1,12,0
1,1,13,0
1,1,14,0
1,1,15,1
1,1,16,0
1,1,17,0
1,1,18,0
1,1,19,1
1,1,20,1
1,1,21,0
1,1,22,1
1,1,23,1
1,1,24,0
1,1,25,0
1,1,26,1
1,1,27,1
1,1,28,0
1,1,29,1
1,1,30,0
1,1,31,0
1,1,32,1
1,1,33,0
1,1,34,1
1,1,35,1
1,1,36,1
1,1,37,1
1,1,38,1
1,1,39,0
1,1,40,0
1,1,41,0
1,1,42,0
1,1,43,1
1,1,44,1
1,1,45,1
1,1,46,0
1,1,47,0
1,1,48,0
1,1,49,1
1,1,50,1
1,1,51,1
1,1,52,1
1,1,53,0
1,1,54,1
1,1,55,0
1,1,56,0
1,1,57,1
1,1,58,1
1,1,59,1
1,1,60,1
1,1,61,1
1,1,62,1
1,1,63,0
1,1,64,0
1,1,65,1
1,1,66,1
1,1,67,0
1,1,68,1
1,1,69,1
1,1,70,1
1,1,71,1
1,1,72,0
1,1,73,1
1,1,74,0
1,1,75,1
1,1,76,0
1,1,77,0
1,1,78,0
1,1,79,1
1,1,80,0
1,1,81,1
1,1,82,1
1,1,83,1
1,1,84,0
1,1,85,1
1,1,86,1
1,1,87,0
1,1,88,1
1,1,89,0
1,1,90,1
1,1,91,0
1,1,92,1
1,1,93,1
1,1,94,1
1,1,95,1
1,1,96,0
1,1,97,0
1,1,98,1
1,1,99,0
1,1,100,0
1,2,1,1
1,2,2,0
1,2,3,1
1,2,4,1
1,2,5,0
1,2,6,0
1,2,7,1
1,2,8,0
1,2,9,1
1,2,10,1
1,2,11,1
1,2,12,1
1,2,13,1
1,2,14,1
1,2,15,0
1,2,16,1
1,2,17,0
1,2,18,1
1,2,19,1
1,2,20,1
1,2,21,0
1,2,22,0
1,2,23,1
1,2,24,0
1,2,25,0
1,2,26,0
1,2,27,0
1,2,28,0
1,2,29,0
1,2,30,0
1,2,31,0
1,2,32,0
1,2,33,0
1,2,34,0
1,2,35,0
1,2,36,0
1,2,37,1
1,2,38,0
1,2,39,0
1,2,40,0
1,2,41,0
1,2,42,1
1,2,43,0
1,2,44,0
1,2,45,1
1,2,46,1
1,2,47,1
1,2,48,0
1,2,49,0
1,2,50,0
1,2,51,0
1,2,52,1
1,2,53,0
1,2,54,0
1,2,55,1
1,2,56,1
1,2,57,0
1,2,58,0
1,2,59,0
1,2,60,1
1,2,61,0
1,2,62,1
1,2,63,1
1,2,64,0
1,2,65,0
1,2,66,0
1,2,67,0
1,2,68,0
1,2,69,1
1,2,70,0
1,2,71,0
1,2,72,1
1,2,73,1
1,2,74,1
1,2,75,1
1,2,76,1
1,2,77,1
1,2,78,1
1,2,79,0
1,2,80,0
1,2,81,0
1,2,82,1
1,2,83,1
1,2,84,0
1,2,85,0
1,2,86,0
1,2,87,0
1,2,88,0
1,2,89,1
1,2,90,0
1,2,91,1
1,2,92,0
1,2,93,1
1,2,94,0
1,2,95,0
1,2,96,0
1,2,97,1
1,2,98,0
1,2,99,0
1,2,100,0
2,1,1,1
2,1,2,1
2,1,3,1
2,1,4,0
2,1,5,0
2,1,6,1
2,1,7,1
2,1,8,1
2,1,9,1
2,1,10,0
2,1,11,1
2,1,12,1
2,1,13,0
2,1,14,0
2,1,15,1
2,1,16,1
2,1,17,1
2,1,18,0
2,1,19,1
2,1,20,1
2,1,21,0
2,1,22,1
2,1,23,1
2,1,24,1
2,1,25,0
2,1,26,1
2,1,27,0
2,1,28,1
2,1,29,0
2,1,30,0
2,1,31,1
2,1,32,0
2,1,33,1
2,1,34,0
2,1,35,0
2,1,36,0
2,1,37,0
2,1,38,0
2,1,39,0
2,1,40,1
2,1,41,1
2,1,42,1
2,1,43,0
2,1,44,1
2,1,45,0
2,1,46,0
2,1,47,0
2,1,48,1
2,1,49,1
2,1,50,1
2,1,51,0
2,1,52,1
2,1,53,0
2,1,54,0
2,1,55,0
2,1,56,1
2,1,57,1
2,1,58,1
2,1,59,1
2,1,60,0
2,1,61,1
2,1,62,1
2,1,63,0
2,1,64,0
2,1,65,0
2,1,66,1
2,1,67,1
2,1,68,0
2,1,69,0
2,1,70,0
2,1,71,1
2,1,72,1
2,1,73,1
2,1,74,1
2,1,75,1
2,1,76,1
2,1,77,0
2,1,78,0
2,1,79,0
2,1,80,0
2,1,81,0
2,1,82,0
2,1,83,1
2,1,84,1
2,1,85,1
2,1,86,1
2,1,87,1
2,1,88,1
2,1,89,0
2,1,90,0
2,1,91,1
2,1,92,0
2,1,93,0
2,1,94,0
2,1,95,0
2,1,96,0
2,1,97,0
2,1,98,1
2,1,99,0
2,1,100,0
2,2,1,0
2,2,2,0
2,2,3,0
2,2,4,1
2,2,5,1
2,2,6,1
2,2,7,0
2,2,8,0
2,2,9,0
2,2,10,1
2,2,11,0
2,2,12,0
2,2,13,1
2,2,14,1
2,2,15,0
2,2,16,1
2,2,17,0
2,2,18,1
2,2,19,0
2,2,20,0
2,2,21,0
2,2,22,0
2,2,23,0
2,2,24,0
2,2,25,1
2,2,26,1
2,2,27,0
2,2,28,0
2,2,29,0
2,2,30,1
2,2,31,1
2,2,32,1
2,2,33,1
2,2,34,1
2,2,35,1
2,2,36,1
2,2,37,0
2,2,38,0
2,2,39,1
2,2,40,0
2,2,41,0
2,2,42,1
2,2,43,1
2,2,44,1
2,2,45,0
2,2,46,0
2,2,47,0
2,2,48,0
2,2,49,0
2,2,50,0
2,2,51,0
2,2,52,0
2,2,53,1
2,2,54,1
2,2,55,0
2,2,56,0
2,2,57,0
2,2,58,0
2,2,59,0
2,2,60,1
2,2,61,1
2,2,62,0
2,2,63,0
2,2,64,0
2,2,65,1
2,2,66,0
2,2,67,0
2,2,68,0
2,2,69,1
2,2,70,0
2,2,71,0
2,2,72,0
2,2,73,0
2,2,74,0
2,2,75,0
2,2,76,0
2,2,77,1
2,2,78,1
2,2,79,1
2,2,80,1
2,2,81,0
2,2,82,1
2,2,83,1
2,2,84,1
2,2,85,1
2,2,86,0
2,2,87,1
2,2,88,0
2,2,89,1
2,2,90,0
2,2,91,0
2,2,92,0
2,2,93,0
2,2,94,0
2,2,95,1
2,2,96,0
2,2,97,1
2,2,98,0
2,2,99,0
2,2,100,1
3,1,1,1
3,1,2,1
3,1,3,0
3,1,4,1
3,1,5,1
3,1,6,1
3,1,7,0
3,1,8,1
3,1,9,1
3,1,10,0
3,1,11,1
3,1,12,1
3,1,13,0
3,1,14,1
3,1,15,0
3,1,16,1
3,1,17,0
3,1,18,1
3,1,19,0
3,1,20,1
3,1,21,0
3,1,22,1
3,1,23,1
3,1,24,1
3,1,25,0
3,1,26,0
3,1,27,1
3,1,28,1
3,1,29,1
3,1,30,0
3,1,31,1
3,1,32,1
3,1,33,0
3,1,34,0
3,1,35,1
3,1,36,0
3,1,37,0
3,1,38,1
3,1,39,0
3,1,40,1
3,1,41,1
3,1,42,1
3,1,43,0
3,1,44,0
3,1,45,0
3,1,46,1
3,1,47,0
3,1,48,0
3,1,49,0
3,1,50,1
3,1,51,0
3,1,52,0
3,1,53,0
3,1,54,1
3,1,55,1
3,1,56,0
3,1,57,1
3,1,58,1
3,1,59,0
3,1,60,0
3,1,61,1
3,1,62,0
3,1,63,0
3,1,64,0
3,1,65,0
3,1,66,0
3,1,67,1
3,1,68,0
3,1,69,1
3,1,70,1
3,1,71,1
3,1,72,0
3,1,73,1
3,1,74,1
3,1,75,1
3,1,76,1
3,1,77,1
3,1,78,1
3,1,79,1
3,1,80,0
3,1,81,1
3,1,82,0
3,1,83,1
3,1,84,0
3,1,85,0
3,1,86,1
3,1,87,0
3,1,88,0
3,1,89,0
3,1,90,1
3,1,91,1
3,1,92,0
3,1,93,1
3,1,94,1
3,1,95,1
3,1,96,0
3,1,97,0
3,1,98,1
3,1,99,0
3,1,100,0
3,2,1,0
3,2,2,0
3,2,3,0
3,2,4,0
3,2,5,0
3,2,6,0
3,2,7,0
3,2,8,0
3,2,9,1
3,2,10,1
3,2,11,1
3,2,12,0
3,2,13,1
3,2,14,0
3,2,15,0
3,2,16,1
3,2,17,0
3,2,18,1
3,2,19,1
3,2,20,1
3,2,21,1
3,2,22,0
3,2,23,1
3,2,24,1
3,2,25,0
3,2,26,0
3,2,27,1
3,2,28,0
3,2,29,1
3,2,30,1
3,2,31,0
3,2,32,1
3,2,33,0
3,2,34,1
3,2,35,1
3,2,36,1
3,2,37,1
3,2,38,0
3,2,39,1
3,2,40,0
3,2,41,0
3,2,42,0
3,2,43,1
3,2,44,0
3,2,45,0
3,2,46,0
3,2,47,0
3,2,48,0
3,2,49,0
3,2,50,1
3,2,51,1
3,2,52,1
3,2,53,0
3,2,54,0
3,2,55,0
3,2,56,0
3,2,57,0
3,2,58,0
3,2,59,0
3,2,60,1
3,2,61,0
3,2,62,0
3,2,63,0
3,2,64,0
3,2,65,1
3,2,66,0
3,2,67,1
3,2,68,1
3,2,69,1
3,2,70,0
3,2,71,1
3,2,72,0
3,2,73,0
3,2,74,0
3,2,75,0
3,2,76,0
3,2,77,0
3,2,78,0
3,2,79,0
3,2,80,1
3,2,81,0
3,2,82,1
3,2,83,0
3,2,84,0
3,2,85,0
3,2,86,1
3,2,87,0
3,2,88,0
3,2,89,0
3,2,90,1
3,2,91,0
3,2,92,0
3,2,93,1
3,2,94,0
3,2,95,1
3,2,96,0
3,2,97,1
3,2,98,1
3,2,99,0
3,2,100,0
4,1,1,0
4,1,2,1
4,1,3,0
4,1,4,1
4,1,5,0
4,1,6,0
4,1,7,0
4,1,8,0
4,1,9,1
4,1,10,0
4,1,11,1
4,1,12,1
4,1,13,0
4,1,14,0
4,1,15,1
4,1,16,1
4,1,17,0
4,1,18,0
4,1,19,0
4,1,20,0
4,1,21,1
4,1,22,1
4,1,23,1
4,1,24,1
4,1,25,0
4,1,26,1
4,1,27,0
4,1,28,1
4,1,29,0
4,1,30,0
4,1,31,0
4,1,32,0
4,1,33,0
4,1,34,0
4,1,35,1
4,1,36,1
4,1,37,0
4,1,38,0
4,1,39,0
4,1,40,1
4,1,41,0
4,1,42,0
4,1,43,1
4,1,44,0
4,1,45,0
4,1,46,0
4,1,47,0
4,1,48,1
4,1,49,1
4,1,50,0
4,1,51,0
4,1,52,1
4,1,53,1
4,1,54,1
4,1,55,0
4,1,56,0
4,1,57,1
4,1,58,1
4,1,59,1
4,1,60,0
4,1,61,0
4,1,62,0
4,1,63,0
4,1,64,1
4,1,65,0
4,1,66,0
4,1,67,1
4,1,68,1
4,1,69,0
4,1,70,1
4,1,71,0
4,1,72,1
4,1,73,0
4,1,74,1
4,1,75,1
4,1,76,0
4,1,77,1
4,1,78,0
4,1,79,1
4,1,80,1
4,1,81,0
4,1,82,0
4,1,83,1
4,1,84,1
4,1,85,1
4,1,86,1
4,1,87,0
4,1,88,1
4,1,89,1
4,1,90,0
4,1,91,1
4,1,92,0
4,1,93,0
4,1,94,1
4,1,95,0
4,1,96,1
4,1,97,0
4,1,98,1
4,1,99,1
4,1,100,1
4,2,1,0
4,2,2,0
4,2,3,0
4,2,4,0
4,2,5,0
4,2,6,1
4,2,7,1
4,2,8,0
4,2,9,1
4,2,10,0
4,2,11,0
4,2,12,1
4,2,13,0
4,2,14,0
4,2,15,1
4,2,16,0
4,2,17,1
4,2,18,0
4,2,19,0
4,2,20,0
4,2,21,1
4,2,22,1
4,2,23,1
4,2,24,0
4,2,25,0
4,2,26,1
4,2,27,0
4,2,28,1
4,2,29,1
4,2,30,1
4,2,31,1
4,2,32,0
4,2,33,1
4,2,34,0
4,2,35,0
4,2,36,0
4,2,37,1
4,2,38,1
4,2,39,0
4,2,40,0
4,2,41,0
4,2,42,0
4,2,43,0
4,2,44,0
4,2,45,1
4,2,46,1
4,2,47,0
4,2,48,0
4,2,49,0
4,2,50,0
4,2,51,1
4,2,52,0
4,2,53,1
4,2,54,0
4,2,55,1
4,2,56,1
4,2,57,1
4,2,58,1
4,2,59,1
4,2,60,0
4,2,61,0
4,2,62,0
4,2,63,1
4,2,64,1
4,2,65,1
4,2,66,0
4,2,67,0
4,2,68,0
4,2,69,1
4,2,70,0
4,2,71,1
4,2,72,0
4,2,73,0
4,2,74,0
4,2,75,1
4,2,76,1
4,2,77,0
4,2,78,0
4,2,79,1
4,2,80,0
4,2,81,1
4,2,82,0
4,2,83,1
4,2,84,0
4,2,85,1
4,2,86,0
4,2,87,1
4,2,88,1
4,2,89,0
4,2,90,1
4,2,91,1
4,2,92,0
4,2,93,1
4,2,94,1
4,2,95,1
4,2,96,1
4,2,97,0
4,2,98,1
4,2,99,0
4,2,100,0
5,1,1,0
5,1,2,0
5,1,3,0
5,1,4,0
5,1,5,1
5,1,6,1
5,1,7,0
5,1,8,1
5,1,9,0
5,1,10,1
5,1,11,1
5,1,12,0
5,1,13,0
5,1,14,1
5,1,15,0
5,1,16,1
5,1,17,1
5,1,18,1
5,1,19,0
5,1,20,0
5,1,21,0
5,1,22,0
5,1,23,0
5,1,24,0
5,1,25,0
5,1,26,1
5,1,27,1
5,1,28,0
5,1,29,0
5,1,30,1
5,1,31,1
5,1,32,1
5,1,33,1
5,1,34,0
5,1,35,0
5,1,36,1
5,1,37,0
5,1,38,0
5,1,39,1
5,1,40,1
5,1,41,0
5,1,42,0
5,1,43,1
5,1,44,1
5,1,45,0
5,1,46,0
5,1,47,1
5,1,48,0
5,1,49,0
5,1,50,1
5,1,51,0
5,1,52,1
5,1,53,1
5,1,54,1
5,1,55,1
5,1,56,1
5,1,57,1
5,1,58,0
5,1,59,1
5,1,60,1
5,1,61,0
5,1,62,0
5,1,63,0
5,1,64,1
5,1,65,1
5,1,66,0
5,1,67,0
5,1,68,0
5,1,69,1
5,1,70,1
5,1,71,0
5,1,72,0
5,1,73,1
5,1,74,1
5,1,75,1
5,1,76,1
5,1,77,0
5,1,78,0
5,1,79,0
5,1,80,0
5,1,81,0
5,1,82,0
5,1,83,1
5,1,84,1
5,1,85,0
5,1,86,0
5,1,87,1
5,1,88,0
5,1,89,0
5,1,90,0
5,1,91,1
5,1,92,1
5,1,93,1
5,1,94,1
5,1,95,1
5,1,96,0
5,1,97,1
5,1,98,1
5,1,99,1
5,1,100,0
5,2,1,0
5,2,2,0
5,2,3,1
5,2,4,0
5,2,5,1
5,2,6,0
5,2,7,1
5,2,8,1
5,2,9,0
5,2,10,1
5,2,11,0
5,2,12,0
5,2,13,0
5,2,14,0
5,2,15,1
5,2,16,1
5,2,17,0
5,2,18,0
5,2,19,0
5,2,20,0
5,2,21,1
5,2,22,0
5,2,23,0
5,2,24,1
5,2,25,0
5,2,26,0
5,2,27,1
5,2,28,1
5,2,29,1
5,2,30,0
5,2,31,1
5,2,32,0
5,2,33,0
5,2,34,0
5,2,35,0
5,2,36,1
5,2,37,0
5,2,38,0
5,2,39,0
5,2,40,0
5,2,41,1
5,2,42,1
5,2,43,0
5,2,44,1
5,2,45,1
5,2,46,0
5,2,47,0
5,2,48,0
5,2,49,1
5,2,50,0
5,2,51,0
5,2,52,0
5,2,53,0
5,2,54,0
5,2,55,0
5,2,56,1
5,2,57,1
5,2,58,0
5,2,59,0
5,2,60,0
5,2,61,1
5,2,62,0
5,2,63,0
5,2,64,0
5,2,65,1
5,2,66,1
5,2,67,0
5,2,68,1
5,2,69,0
5,2,70,0
5,2,71,0
5,2,72,1
5,2,73,0
5,2,74,0
5,2,75,0
5,2,76,1
5,2,77,0
5,2,78,0
5,2,79,1
5,2,80,0
5,2,81,0
5,2,82,1
5,2,83,0
5,2,84,0
5,2,85,0
5,2,86,0
5,2,87,1
5,2,88,0
5,2,89,0
5,2,90,1
5,2,91,1
5,2,92,0
5,2,93,1
5,2,94,0
5,2,95,1
5,2,96,0
5,2,97,1
5,2,98,0
5,2,99,0
5,2,100,0
6,1,1,1
6,1,2,1
6,1,3,1
6,1,4,0
6,1,5,0
6,1,6,0
6,1,7,0
6,1,8,1
6,1,9,1
6,1,10,1
6,1,11,0
6,1,12,0
6,1,13,0
6,1,14,1
6,1,15,1
6,1,16,1
6,1,17,0
6,1,18,0
6,1,19,1
6,1,20,1
6,1,21,0
6,1,22,1
6,1,23,0
6,1,24,1
6,1,25,0
6,1,26,1
6,1,27,1
6,1,28,1
6,1,29,0
6,1,30,0
6,1,31,0
6,1,32,1
6,1,33,0
6,1,34,1
6,1,35,1
6,1,36,0
6,1,37,1
6,1,38,0
6,1,39,1
6,1,40,1
6,1,41,0
6,1,42,1
6,1,43,0
6,1,44,0
6,1,45,0
6,1,46,1
6,1,47,1
6,1,48,1
6,1,49,1
6,1,50,1
6,1,51,0
6,1,52,0
6,1,53,1
6,1,54,1
6,1,55,1
6,1,56,1
6,1,57,0
6,1,58,1
6,1,59,0
6,1,60,0
6,1,61,1
6,1,62,0
6,1,63,0
6,1,64,1
6,1,65,0
6,1,66,1
6,1,67,0
6,1,68,1
6,1,69,1
6,1,70,0
6,1,71,1
6,1,72,1
6,1,73,0
6,1,74,1
6,1,75,0
6,1,76,1
6,1,77,0
6,1,78,1
6,1,79,1
6,1,80,1
6,1,81,0
6,1,82,1
6,1,83,0
6,1,84,0
6,1,85,0
6,1,86,1
6,1,87,0
6,1,88,0
6,1,89,0
6,1,90,1
6,1,91,0
6,1,92,0
6,1,93,1
6,1,94,0
6,1,95,0
6,1,96,1
6,1,97,0
6,1,98,0
6,1,99,0
6,1,100,1
6,2,1,0
6,2,2,0
6,2,3,0
6,2,4,0
6,2,5,1
6,2,6,1
6,2,7,0
6,2,8,0
6,2,9,1
6,2,10,0
6,2,11,1
6,2,12,1
6,2,13,0
6,2,14,1
6,2,15,0
6,2,16,1
6,2,17,0
6,2,18,0
6,2,19,0
6,2,20,0
6,2,21,0
6,2,22,0
6,2,23,1
6,2,24,0
6,2,25,0
6,2,26,0
6,2,27,0
6,2,28,0
6,2,29,0
6,2,30,0
6,2,31,0
6,2,32,0
6,2,33,0
6,2,34,1
6,2,35,0
6,2,36,0
6,2,37,1
6,2,38,0
6,2,39,0
6,2,40,0
6,2,41,1
6,2,42,1
6,2,43,1
6,2,44,0
6,2,45,0
6,2,46,0
6,2,47,0
6,2,48,1
6,2,49,0
6,2,50,0
6,2,51,1
6,2,52,1
6,2,53,1
6,2,54,0
6,2,55,1
6,2,56,0
6,2,57,0
6,2,58,0
6,2,59,1
6,2,60,1
6,2,61,0
6,2,62,0
6,2,63,0
6,2,64,0
6,2,65,1
6,2,66,0
6,2,67,1
6,2,68,1
6,2,69,1
6,2,70,0
6,2,71,0
6,2,72,0
6,2,73,0
6,2,74,0
6,2,75,0
6,2,76,0
6,2,77,0
6,2,78,1
6,2,79,1
6,2,80,0
6,2,81,0
6,2,82,1
6,2,83,0
6,2,84,1
6,2,85,0
6,2,86,1
6,2,87,0
6,2,88,1
6,2,89,0
6,2,90,0
6,2,91,0
6,2,92,0
6,2,93,0
6,2,94,0
6,2,95,0
6,2,96,1
6,2,97,1
6,2,98,1
6,2,99,0
6,2,100,0
7,1,1,1
7,1,2,1
7,1,3,0
7,1,4,0
7,1,5,0
7,1,6,0
7,1,7,0
7,1,8,1
7,1,9,1
7,1,10,1
7,1,11,0
7,1,12,0
7,1,13,1
7,1,14,1
7,1,15,1
7,1,16,0
7,1,17,0
7,1,18,0
7,1,19,0
7,1,20,1
7,1,21,1
7,1,22,1
7,1,23,0
7,1,24,1
7,1,25,0
7,1,26,0
7,1,27,1
7,1,28,0
7,1,29,0
7,1,30,1
7,1,31,1
7,1,32,0
7,1,33,1
7,1,34,1
7,1,35,0
7,1,36,0
7,1,37,0
7,1,38,1
7,1,39,1
7,1,40,0
7,1,41,1
7,1,42,1
7,1,43,1
7,1,44,1
7,1,45,0
7,1,46,1
7,1,47,1
7,1,48,1
7,1,49,1
7,1,50,1
7,1,51,0
7,1,52,0
7,1,53,0
7,1,54,0
7,1,55,0
7,1,56,0
7,1,57,1
7,1,58,0
7,1,59,0
7,1,60,0
7,1,61,0
7,1,62,1
7,1,63,1
7,1,64,1
7,1,65,0
7,1,66,1
7,1,67,1
7,1,68,1
7,1,69,1
7,1,70,0
7,1,71,0
7,1,72,1
7,1,73,1
7,1,74,0
7,1,75,1
7,1,76,0
7,1,77,1
7,1,78,1
7,1,79,0
7,1,80,0
7,1,81,1
7,1,82,1
7,1,83,0
7,1,84,0
7,1,85,1
7,1,86,0
7,1,87,0
7,1,88,0
7,1,89,0
7,1,90,1
7,1,91,0
7,1,92,1
7,1,93,0
7,1,94,1
7,1,95,1
7,1,96,0
7,1,97,1
7,1,98,1
7,1,99,1
7,1,100,1
7,2,1,1
7,2,2,1
7,2,3,0
7,2,4,0
7,2,5,1
7,2,6,0
7,2,7,0
7,2,8,0
7,2,9,0
7,2,10,1
7,2,11,0
7,2,12,1
7,2,13,0
7,2,14,1
7,2,15,0
7,2,16,0
7,2,17,0
7,2,18,0
7,2,19,0
7,2,20,1
7,2,21,0
7,2,22,0
7,2,23,0
7,2,24,0
7,2,25,1
7,2,26,0
7,2,27,0
7,2,28,0
7,2,29,0
7,2,30,0
7,2,31,1
7,2,32,0
7,2,33,0
7,2,34,0
7,2,35,1
7,2,36,1
7,2,37,0
7,2,38,1
7,2,39,1
7,2,40,1
7,2,41,0
7,2,42,0
7,2,43,1
7,2,44,0
7,2,45,0
7,2,46,0
7,2,47,0
7,2,48,1
7,2,49,0
7,2,50,0
7,2,51,0
7,2,52,0
7,2,53,1
7,2,54,1
7,2,55,0
7,2,56,0
7,2,57,1
7,2,58,1
7,2,59,0
7,2,60,1
7,2,61,1
7,2,62,0
7,2,63,1
7,2,64,0
7,2,65,1
7,2,66,0
7,2,67,1
7,2,68,1
7,2,69,1
7,2,70,0
7,2,71,0
7,2,72,1
7,2,73,0
7,2,74,0
7,2,75,0
7,2,76,0
7,2,77,0
7,2,78,0
7,2,79,0
7,2,80,0
7,2,81,0
7,2,82,1
7,2,83,0
7,2,84,0
7,2,85,1
7,2,86,1
7,2,87,1
7,2,88,0
7,2,89,1
7,2,90,0
7,2,91,0
7,2,92,0
7,2,93,1
7,2,94,0
7,2,95,1
7,2,96,0
7,2,97,0
7,2,98,0
7,2,99,0
7,2,100,1
8,1,1,0
8,1,2,0
8,1,3,0
8,1,4,1
8,1,5,0
8,1,6,0
8,1,7,0
8,1,8,0
8,1,9,1
8,1,10,0
8,1,11,0
8,1,12,0
8,1,13,0
8,1,14,1
8,1,15,1
8,1,16,0
8,1,17,0
8,1,18,0
8,1,19,1
8,1,20,0
8,1,21,0
8,1,22,0
8,1,23,1
8,1,24,1
8,1,25,0
8,1,26,0
8,1,27,0
8,1,28,0
8,1,29,0
8,1,30,1
8,1,31,1
8,1,32,0
8,1,33,0
8,1,34,1
8,1,35,1
8,1,36,0
8,1,37,0
8,1,38,0
8,1,39,0
8,1,40,1
8,1,41,1
8,1,42,1
8,1,43,1
8,1,44,0
8,1,45,1
8,1,46,0
8,1,47,1
8,1,48,0
8,1,49,0
8,1,50,0
8,1,51,1
8,1,52,0
8,1,53,0
8,1,54,0
8,1,55,0
8,1,56,0
8,1,57,0
8,1,58,1
8,1,59,0
8,1,60,0
8,1,61,0
8,1,62,1
8,1,63,1
8,1,64,0
8,1,65,0
8,1,66,1
8,1,67,1
8,1,68,0
8,1,69,1
8,1,70,1
8,1,71,0
8,1,72,1
8,1,73,0
8,1,74,0
8,1,75,1
8,1,76,1
8,1,77,0
8,1,78,0
8,1,79,0
8,1,80,1
8,1,81,0
8,1,82,1
8,1,83,1
8,1,84,1
8,1,85,1
8,1,86,0
8,1,87,0
8,1,88,1
8,1,89,1
8,1,90,0
8,1,91,1
8,1,92,0
8,1,93,1
8,1,94,0
8,1,95,0
8,1,96,1
8,1,97,0
8,1,98,1
8,1,99,1
8,1,100,1
8,2,1,0
8,2,2,0
8,2,3,0
8,2,4,1
8,2,5,0
8,2,6,0
8,2,7,0
8,2,8,0
8,2,9,0
8,2,10,0
8,2,11,1
8,2,12,0
8,2,13,0
8,2,14,1
8,2,15,0
8,2,16,0
8,2,17,0
8,2,18,0
8,2,19,0
8,2,20,1
8,2,21,0
8,2,22,0
8,2,23,1
8,2,24,0
8,2,25,1
8,2,26,1
8,2,27,0
8,2,28,0
8,2,29,0
8,2,30,0
8,2,31,1
8,2,32,0
8,2,33,0
8,2,34,0
8,2,35,1
8,2,36,0
8,2,37,0
8,2,38,0
8,2,39,0
8,2,40,1
8,2,41,0
8,2,42,1
8,2,43,0
8,2,44,1
8,2,45,0
8,2,46,1
8,2,47,0
8,2,48,0
8,2,49,1
8,2,50,0
8,2,51,0
8,2,52,1
8,2,53,0
8,2,54,1
8,2,55,0
8,2,56,0
8,2,57,0
8,2,58,0
8,2,59,0
8,2,60,0
8,2,61,0
8,2,62,0
8,2,63,0
8,2,64,0
8,2,65,1
8,2,66,0
8,2,67,1
8,2,68,0
8,2,69,0
8,2,70,1
8,2,71,0
8,2,72,1
8,2,73,1
8,2,74,1
8,2,75,0
8,2,76,1
8,2,77,0
8,2,78,1
8,2,79,1
8,2,80,1
8,2,81,1
8,2,82,1
8,2,83,0
8,2,84,0
8,2,85,0
8,2,86,0
8,2,87,1
8,2,88,1
8,2,89,0
8,2,90,1
8,2,91,0
8,2,92,0
8,2,93,1
8,2,94,1
8,2,95,0
8,2,96,1
8,2,97,0
8,2,98,1
8,2,99,0
8,2,100,1
9,1,1,1
9,1,2,1
9,1,3,0
9,1,4,0
9,1,5,0
9,1,6,0
9,1,7,0
9,1,8,1
9,1,9,1
9,1,10,0
9,1,11,1
9,1,12,1
9,1,13,1
9,1,14,0
9,1,15,1
9,1,16,0
9,1,17,0
9,1,18,0
9,1,19,0
9,1,20,0
9,1,21,1
9,1,22,1
9,1,23,0
9,1,24,0
9,1,25,0
9,1,26,1
9,1,27,0
9,1,28,0
9,1,29,0
9,1,30,1
9,1,31,0
9,1,32,0
9,1,33,0
9,1,34,1
9,1,35,0
9,1,36,1
9,1,37,1
9,1,38,0
9,1,39,0
9,1,40,0
9,1,41,1
9,1,42,0
9,1,43,0
9,1,44,0
9,1,45,1
9,1,46,1
9,1,47,1
9,1,48,0
9,1,49,0
9,1,50,0
9,1,51,0
9,1,52,0
9,1,53,0
9,1,54,0
9,1,55,1
9,1,56,0
9,1,57,1
9,1,58,1
9,1,59,1
9,1,60,1
9,1,61,1
9,1,62,1
9,1,63,0
9,1,64,0
9,1,65,0
9,1,66,1
9,1,67,0
9,1,68,1
9,1,69,0
9,1,70,1
9,1,71,0
9,1,72,0
9,1,73,0
9,1,74,1
9,1,75,0
9,1,76,0
9,1,77,0
9,1,78,1
9,1,79,0
9,1,80,0
9,1,81,0
9,1,82,1
9,1,83,1
9,1,84,1
9,1,85,0
9,1,86,1
9,1,87,0
9,1,88,0
9,1,89,1
9,1,90,0
9,1,91,1
9,1,92,1
9,1,93,1
9,1,94,1
9,1,95,0
9,1,96,1
9,1,97,1
9,1,98,1
9,1,99,1
9,1,100,0
9,2,1,0
9,2,2,0
9,2,3,0
9,2,4,1
9,2,5,0
9,2,6,0
9,2,7,1
9,2,8,0
9,2,9,0
9,2,10,0
9,2,11,0
9,2,12,1
9,2,13,0
9,2,14,0
9,2,15,0
9,2,16,1
9,2,17,1
9,2,18,0
9,2,19,1
9,2,20,1
9,2,21,0
9,2,22,0
9,2,23,1
9,2,24,1
9,2,25,0
9,2,26,0
9,2,27,0
9,2,28,0
9,2,29,0
9,2,30,0
9,2,31,0
9,2,32,0
9,2,33,1
9,2,34,1
9,2,35,1
9,2,36,0
9,2,37,0
9,2,38,0
9,2,39,0
9,2,40,0
9,2,41,0
9,2,42,0
9,2,43,1
9,2,44,0
9,2,45,0
9,2,46,0
9,2,47,0
9,2,48,0
9,2,49,0
9,2,50,1
9,2,51,0
9,2,52,0
9,2,53,1
9,2,54,0
9,2,55,0
9,2,56,1
9,2,57,1
9,2,58,0
9,2,59,0
9,2,60,0
9,2,61,1
9,2,62,1
9,2,63,1
9,2,64,1
9,2,65,0
9,2,66,1
9,2,67,0
9,2,68,0
9,2,69,1
9,2,70,0
9,2,71,1
9,2,72,0
9,2,73,1
9,2,74,0
9,2,75,1
9,2,76,1
9,2,77,1
9,2,78,0
9,2,79,0
9,2,80,0
9,2,81,0
9,2,82,0
9,2,83,1
9,2,84,1
9,2,85,0
9,2,86,0
9,2,87,0
9,2,88,0
9,2,89,1
9,2,90,1
9,2,91,0
9,2,92,1
9,2,93,1
9,2,94,0
9,2,95,0
9,2,96,1
9,2,97,0
9,2,98,1
9,2,99,0
9,2,100,0
10,1,1,1
10,1,2,1
10,1,3,1
10,1,4,0
10,1,5,0
10,1,6,0
10,1,7,1
10,1,8,1
10,1,9,1
10,1,10,1
10,1,11,0
10,1,12,1
10,1,13,1
10,1,14,0
10,1,15,1
10,1,16,0
10,1,17,1
10,1,18,1
10,1,19,1
10,1,20,0
10,1,21,0
10,1,22,1
10,1,23,0
10,1,24,1
10,1,25,0
10,1,26,1
10,1,27,1
10,1,28,0
10,1,29,0
10,1,30,0
10,1,31,0
10,1,32,1
10,1,33,0
10,1,34,1
10,1,35,0
10,1,36,1
10,1,37,1
10,1,38,1
10,1,39,1
10,1,40,0
10,1,41,1
10,1,42,1
10,1,43,0
10,1,44,0
10,1,45,0
10,1,46,1
10,1,47,0
10,1,48,1
10,1,49,0
10,1,50,0
10,1,51,1
10,1,52,1
10,1,53,1
10,1,54,1
10,1,55,0
10,1,56,0
10,1,57,1
10,1,58,0
10,1,59,0
10,1,60,1
10,1,61,1
10,1,62,0
10,1,63,0
10,1,64,0
10,1,65,1
10,1,66,0
10,1,67,1
10,1,68,1
10,1,69,0
10,1,70,1
10,1,71,0
10,1,72,1
10,1,73,0
10,1,74,1
10,1,75,1
10,1,76,1
10,1,77,0
10,1,78,0
10,1,79,0
10,1,80,0
10,1,81,0
10,1,82,1
10,1,83,0
10,1,84,0
10,1,85,1
10,1,86,1
10,1,87,1
10,1,88,1
10,1,89,0
10,1,90,1
10,1,91,1
10,1,92,1
10,1,93,1
10,1,94,1
10,1,95,1
10,1,96,0
10,1,97,0
10,1,98,0
10,1,99,1
10,1,100,1
10,2,1,0
10,2,2,0
10,2,3,0
10,2,4,0
10,2,5,1
10,2,6,0
10,2,7,1
10,2,8,1
10,2,9,0
10,2,10,0
10,2,11,0
10,2,12,0
10,2,13,1
10,2,14,0
10,2,15,0
10,2,16,0
10,2,17,0
10,2,18,0
10,2,19,0
10,2,20,0
10,2,21,0
10,2,22,0
10,2,23,0
10,2,24,1
10,2,25,0
10,2,26,0
10,2,27,0
10,2,28,0
10,2,29,0
10,2,30,0
10,2,31,0
10,2,32,0
10,2,33,0
10,2,34,0
10,2,35,0
10,2,36,0
10,2,37,0
10,2,38,0
10,2,39,0
10,2,40,0
10,2,41,0
10,2,42,0
10,2,43,0
10,2,44,0
10,2,45,0
10,2,46,0
10,2,47,1
10,2,48,0
10,2,49,1
10,2,50,0
10,2,51,0
10,2,52,1
10,2,53,1
10,2,54,0
10,2,55,0
10,2,56,0
10,2,57,0
10,2,58,1
10,2,59,0
10,2,60,1
10,2,61,0
10,2,62,0
10,2,63,0
10,2,64,0
10,2,65,1
10,2,66,0
10,2,67,1
10,2,68,1
10,2,69,0
10,2,70,0
10,2,71,1
10,2,72,0
10,2,73,0
10,2,74,0
10,2,75,1
10,2,76,0
10,2,77,0
10,2,78,0
10,2,79,0
10,2,80,0
10,2,81,0
10,2,82,0
10,2,83,0
10,2,84,0
10,2,85,0
10,2,86,0
10,2,87,1
10,2,88,0
10,2,89,0
10,2,90,0
10,2,91,0
10,2,92,1
10,2,93,1
10,2,94,0
10,2,95,0
10,2,96,0
10,2,97,0
10,2,98,0
10,2,99,0
10,2,100,1
11,1,1,1
11,1,2,0
11,1,3,0
11,1,4,0
11,1,5,0
11,1,6,0
11,1,7,0
11,1,8,0
11,1,9,0
11,1,10,1
11,1,11,0
11,1,12,0
11,1,13,1
11,1,14,0
11,1,15,0
11,1,16,0
11,1,17,1
11,1,18,1
11,1,19,1
11,1,20,0
11,1,21,1
11,1,22,0
11,1,23,0
11,1,24,0
11,1,25,0
11,1,26,1
11,1,27,1
11,1,28,1
11,1,29,0
11,1,30,1
11,1,31,1
11,1,32,0
11,1,33,1
11,1,34,0
11,1,35,1
11,1,36,1
11,1,37,1
11,1,38,0
11,1,39,0
11,1,40,1
11,1,41,1
11,1,42,1
11,1,43,0
11,1,44,1
11,1,45,0
11,1,46,1
11,1,47,1
11,1,48,0
11,1,49,1
11,1,50,0
11,1,51,1
11,1,52,1
11,1,53,1
11,1,54,0
11,1,55,1
11,1,56,1
11,1,57,0
11,1,58,1
11,1,59,0
11,1,60,0
11,1,61,0
11,1,62,1
11,1,63,1
11,1,64,1
11,1,65,1
11,1,66,1
11,1,67,1
11,1,68,1
11,1,69,0
11,1,70,1
11,1,71,1
11,1,72,0
11,1,73,1
11,1,74,1
11,1,75,0
11,1,76,0
11,1,77,1
11,1,78,1
11,1,79,1
11,1,80,1
11,1,81,0
11,1,82,1
11,1,83,0
11,1,84,1
11,1,85,1
11,1,86,1
11,1,87,0
11,1,88,0
11,1,89,0
11,1,90,1
11,1,91,0
11,1,92,1
11,1,93,0
11,1,94,1
11,1,95,0
11,1,96,0
11,1,97,1
11,1,98,1
11,1,99,0
11,1,100,0
11,2,1,0
11,2,2,0
11,2,3,0
11,2,4,0
11,2,5,0
11,2,6,0
11,2,7,1
11,2,8,1
11,2,9,0
11,2,10,1
11,2,11,0
11,2,12,0
11,2,13,0
11,2,14,1
11,2,15,1
11,2,16,0
11,2,17,1
11,2,18,0
11,2,19,1
11,2,20,0
11,2,21,1
11,2,22,0
11,2,23,1
11,2,24,0
11,2,25,1
11,2,26,1
11,2,27,1
11,2,28,0
11,2,29,0
11,2,30,1
11,2,31,0
11,2,32,1
11,2,33,1
11,2,34,1
11,2,35,1
11,2,36,1
11,2,37,0
11,2,38,0
11,2,39,1
11,2,40,0
11,2,41,0
11,2,42,0
11,2,43,0
11,2,44,0
11,2,45,1
11,2,46,0
11,2,47,1
11,2,48,1
11,2,49,0
11,2,50,0
11,2,51,1
11,2,52,0
11,2,53,1
11,2,54,1
11,2,55,0
11,2,56,0
11,2,57,0
11,2,58,1
11,2,59,0
11,2,60,0
11,2,61,1
11,2,62,1
11,2,63,0
11,2,64,0
11,2,65,1
11,2,66,0
11,2,67,0
11,2,68,1
11,2,69,1
11,2,70,1
11,2,71,1
11,2,72,1
11,2,73,1
11,2,74,0
11,2,75,1
11,2,76,0
11,2,77,0
11,2,78,1
11,2,79,1
11,2,80,0
11,2,81,1
11,2,82,1
11,2,83,0
11,2,84,0
11,2,85,1
11,2,86,1
11,2,87,1
11,2,88,1
11,2,89,0
11,2,90,0
11,2,91,0
11,2,92,0
11,2,93,0
11,2,94,0
11,2,95,1
11,2,96,0
11,2,97,0
11,2,98,1
11,2,99,1
11,2,100,0
12,1,1,1
12,1,2,1
12,1,3,0
12,1,4,0
12,1,5,1
12,1,6,1
12,1,7,0
12,1,8,1
12,1,9,0
12,1,10,0
12,1,11,0
12,1,12,1
12,1,13,1
12,1,14,0
12,1,15,0
12,1,16,0
12,1,17,1
12,1,18,0
12,1,19,0
12,1,20,0
12,1,21,0
12,1,22,0
12,1,23,1
12,1,24,1
12,1,25,0
12,1,26,0
12,1,27,1
12,1,28,0
12,1,29,1
12,1,30,1
12,1,31,0
12,1,32,0
12,1,33,0
12,1,34,1
12,1,35,1
12,1,36,0
12,1,37,1
12,1,38,1
12,1,39,0
12,1,40,0
12,1,41,1
12,1,42,0
12,1,43,0
12,1,44,1
12,1,45,0
12,1,46,1
12,1,47,0
12,1,48,1
12,1,49,1
12,1,50,1
12,1,51,1
12,1,52,0
12,1,53,0
12,1,54,0
12,1,55,0
12,1,56,0
12,1,57,1
12,1,58,1
12,1,59,1
12,1,60,1
12,1,61,0
12,1,62,0
12,1,63,0
12,1,64,1
12,1,65,1
12,1,66,1
12,1,67,1
12,1,68,1
12,1,69,0
12,1,70,0
12,1,71,0
12,1,72,0
12,1,73,0
12,1,74,1
12,1,75,0
12,1,76,1
12,1,77,1
12,1,78,0
12,1,79,1
12,1,80,0
12,1,81,0
12,1,82,0
12,1,83,0
12,1,84,0
12,1,85,1
12,1,86,1
12,1,87,0
12,1,88,0
12,1,89,1
12,1,90,0
12,1,91,1
12,1,92,1
12,1,93,0
12,1,94,0
12,1,95,1
12,1,96,0
12,1,97,0
12,1,98,0
12,1,99,0
12,1,100,0
12,2,1,0
12,2,2,1
12,2,3,0
12,2,4,0
12,2,5,0
12,2,6,0
12,2,7,0
12,2,8,0
12,2,9,1
12,2,10,1
12,2,11,0
12,2,12,1
12,2,13,0
12,2,14,0
12,2,15,1
12,2,16,0
12,2,17,1
12,2,18,1
12,2,19,0
12,2,20,1
12,2,21,0
12,2,22,0
12,2,23,0
12,2,24,1
12,2,25,1
12,2,26,1
12,2,27,0
12,2,28,0
12,2,29,0
12,2,30,0
12,2,31,1
12,2,32,0
12,2,33,0
12,2,34,1
12,2,35,0
12,2,36,0
12,2,37,1
12,2,38,1
12,2,39,0
12,2,40,0
12,2,41,0
12,2,42,0
12,2,43,0
12,2,44,1
12,2,45,0
12,2,46,1
12,2,47,0
12,2,48,0
12,2,49,0
12,2,50,0
12,2,51,0
12,2,52,1
12,2,53,0
12,2,54,0
12,2,55,1
12,2,56,1
12,2,57,1
12,2,58,1
12,2,59,0
12,2,60,0
12,2,61,1
12,2,62,0
12,2,63,1
12,2,64,0
12,2,65,0
12,2,66,1
12,2,67,1
12,2,68,1
12,2,69,0
12,2,70,0
12,2,71,1
12,2,72,0
12,2,73,0
12,2,74,1
12,2,75,0
12,2,76,0
12,2,77,1
12,2,78,0
12,2,79,1
12,2,80,0
12,2,81,1
12,2,82,0
12,2,83,0
12,2,84,1
12,2,85,1
12,2,86,0
12,2,87,0
12,2,88,0
12,2,89,0
12,2,90,0
12,2,91,0
12,2,92,1
12,2,93,0
12,2,94,0
12,2,95,1
12,2,96,1
12,2,97,1
12,2,98,1
12,2,99,0
12,2,100,0
13,1,1,1
13,1,2,0
13,1,3,1
13,1,4,0
13,1,5,0
13,1,6,1
13,1,7,0
13,1,8,1
13,1,9,0
13,1,10,0
13,1,11,0
13,1,12,0
13,1,13,0
13,1,14,0
13,1,15,0
13,1,16,1
13,1,17,1
13,1,18,1
13,1,19,0
13,1,20,0
13,1,21,1
13,1,22,0
13,1,23,0
13,1,24,1
13,1,25,0
13,1,26,0
13,1,27,0
13,1,28,1
13,1,29,0
13,1,30,0
13,1,31,0
13,1,32,0
13,1,33,1
13,1,34,0
13,1,35,0
13,1,36,1
13,1,37,0
13,1,38,0
13,1,39,0
13,1,40,1
13,1,41,1
13,1,42,1
13,1,43,0
13,1,44,1
13,1,45,1
13,1,46,0
13,1,47,0
13,1,48,0
13,1,49,0
13,1,50,1
13,1,51,0
13,1,52,0
13,1,53,1
13,1,54,1
13,1,55,1
13,1,56,0
13,1,57,0
13,1,58,1
13,1,59,1
13,1,60,0
13,1,61,1
13,1,62,0
13,1,63,1
13,1,64,1
13,1,65,0
13,1,66,1
13,1,67,0
13,1,68,1
13,1,69,1
13,1,70,0
13,1,71,0
13,1,72,0
13,1,73,1
13,1,74,0
13,1,75,1
13,1,76,0
13,1,77,1
13,1,78,0
13,1,79,0
13,1,80,0
13,1,81,0
13,1,82,0
13,1,83,0
13,1,84,1
13,1,85,0
13,1,86,1
13,1,87,0
13,1,88,1
13,1,89,0
13,1,90,0
13,1,91,0
13,1,92,1
13,1,93,1
13,1,94,1
13,1,95,1
13,1,96,1
13,1,97,1
13,1,98,0
13,1,99,1
13,1,100,0
13,2,1,1
13,2,2,0
13,2,3,0
13,2,4,0
13,2,5,1
13,2,6,0
13,2,7,0
13,2,8,1
13,2,9,0
13,2,10,1
13,2,11,0
13,2,12,0
13,2,13,1
13,2,14,0
13,2,15,0
13,2,16,0
13,2,17,1
13,2,18,1
13,2,19,1
13,2,20,0
13,2,21,0
13,2,22,0
13,2,23,1
13,2,24,1
13,2,25,1
13,2,26,0
13,2,27,1
13,2,28,0
13,2,29,1
13,2,30,1
13,2,31,0
13,2,32,0
13,2,33,0
13,2,34,1
13,2,35,0
13,2,36,0
13,2,37,1
13,2,38,0
13,2,39,1
13,2,40,1
13,2,41,1
13,2,42,0
13,2,43,0
13,2,44,0
13,2,45,0
13,2,46,1
13,2,47,1
13,2,48,0
13,2,49,1
13,2,50,1
13,2,51,0
13,2,52,1
13,2,53,0
13,2,54,0
13,2,55,1
13,2,56,0
13,2,57,0
13,2,58,0
13,2,59,0
13,2,60,0
13,2,61,0
13,2,62,1
13,2,63,1
13,2,64,1
13,2,65,0
13,2,66,0
13,2,67,0
13,2,68,1
13,2,69,1
13,2,70,1
13,2,71,1
13,2,72,1
13,2,73,1
13,2,74,0
13,2,75,1
13,2,76,1
13,2,77,1
13,2,78,1
13,2,79,1
13,2,80,0
13,2,81,0
13,2,82,0
13,2,83,0
13,2,84,0
13,2,85,1
13,2,86,0
13,2,87,0
13,2,88,0
13,2,89,0
13,2,90,1
13,2,91,1
13,2,92,1
13,2,93,0
13,2,94,0
13,2,95,1
13,2,96,1
13,2,97,0
13,2,98,1
13,2,99,0
13,2,100,0
14,1,1,0
14,1,2,0
14,1,3,1
14,1,4,1
14,1,5,0
14,1,6,0
14,1,7,1
14,1,8,1
14,1,9,0
14,1,10,0
14,1,11,1
14,1,12,0
14,1,13,1
14,1,14,1
14,1,15,0
14,1,16,1
14,1,17,1
14,1,18,0
14,1,19,0
14,1,20,0
14,1,21,0
14,1,22,0
14,1,23,0
14,1,24,0
14,1,25,1
14,1,26,0
14,1,27,0
14,1,28,1
14,1,29,0
14,1,30,1
14,1,31,1
14,1,32,0
14,1,33,1
14,1,34,1
14,1,35,0
14,1,36,1
14,1,37,1
14,1,38,1
14,1,39,1
14,1,40,0
14,1,41,0
14,1,42,1
14,1,43,0
14,1,44,0
14,1,45,1
14,1,46,1
14,1,47,0
14,1,48,0
14,1,49,0
14,1,50,0
14,1,51,1
14,1,52,0
14,1,53,1
14,1,54,1
14,1,55,0
14,1,56,0
14,1,57,0
14,1,58,0
14,1,59,1
14,1,60,1
14,1,61,0
14,1,62,0
14,1,63,1
14,1,64,0
14,1,65,0
14,1,66,0
14,1,67,0
14,1,68,1
14,1,69,0
14,1,70,1
14,1,71,1
14,1,72,0
14,1,73,1
14,1,74,0
14,1,75,1
14,1,76,1
14,1,77,0
14,1,78,1
14,1,79,0
14,1,80,0
14,1,81,1
14,1,82,0
14,1,83,1
14,1,84,0
14,1,85,1
14,1,86,1
14,1,87,0
14,1,88,1
14,1,89,0
14,1,90,0
14,1,91,0
14,1,92,0
14,1,93,0
14,1,94,0
14,1,95,0
14,1,96,1
14,1,97,1
14,1,98,1
14,1,99,1
14,1,100,0
14,2,1,0
14,2,2,1
14,2,3,0
14,2,4,1
14,2,5,0
14,2,6,0
14,2,7,1
14,2,8,0
14,2,9,0
14,2,10,0
14,2,11,0
14,2,12,0
14,2,13,0
14,2,14,0
14,2,15,0
14,2,16,1
14,2,17,0
14,2,18,0
14,2,19,0
14,2,20,0
14,2,21,1
14,2,22,0
14,2,23,1
14,2,24,0
14,2,25,1
14,2,26,1
14,2,27,0
14,2,28,1
14,2,29,1
14,2,30,1
14,2,31,0
14,2,32,1
14,2,33,0
14,2,34,0
14,2,35,1
14,2,36,0
14,2,37,0
14,2,38,0
14,2,39,0
14,2,40,0
14,2,41,0
14,2,42,0
14,2,43,1
14,2,44,0
14,2,45,0
14,2,46,1
14,2,47,0
14,2,48,0
14,2,49,0
14,2,50,1
14,2,51,1
14,2,52,0
14,2,53,1
14,2,54,1
14,2,55,1
14,2,56,1
14,2,57,0
14,2,58,0
14,2,59,1
14,2,60,0
14,2,61,1
14,2,62,0
14,2,63,0
14,2,64,1
14,2,65,0
14,2,66,1
14,2,67,1
14,2,68,0
14,2,69,0
14,2,70,1
14,2,71,1
14,2,72,1
14,2,73,0
14,2,74,0
14,2,75,1
14,2,76,0
14,2,77,0
14,2,78,0
14,2,79,1
14,2,80,1
14,2,81,0
14,2,82,0
14,2,83,1
14,2,84,1
14,2,85,0
14,2,86,0
14,2,87,1
14,2,88,1
14,2,89,0
14,2,90,0
14,2,91,1
14,2,92,0
14,2,93,1
14,2,94,1
14,2,95,0
14,2,96,0
14,2,97,1
14,2,98,1
14,2,99,1
14,2,100,1
15,1,1,1
15,1,2,0
15,1,3,1
15,1,4,0
15,1,5,0
15,1,6,0
15,1,7,1
15,1,8,1
15,1,9,1
15,1,10,1
15,1,11,1
15,1,12,1
15,1,13,1
15,1,14,0
15,1,15,1
15,1,16,0
15,1,17,1
15,1,18,1
15,1,19,0
15,1,20,1
15,1,21,0
15,1,22,0
15,1,23,1
15,1,24,0
15,1,25,1
15,1,26,0
15,1,27,0
15,1,28,1
15,1,29,1
15,1,30,0
15,1,31,1
15,1,32,1
15,1,33,0
15,1,34,0
15,1,35,0
15,1,36,1
15,1,37,0
15,1,38,1
15,1,39,0
15,1,40,0
15,1,41,1
15,1,42,0
15,1,43,0
15,1,44,1
15,1,45,0
15,1,46,1
15,1,47,1
15,1,48,0
15,1,49,0
15,1,50,1
15,1,51,0
15,1,52,0
15,1,53,1
15,1,54,1
15,1,55,0
15,1,56,1
15,1,57,0
15,1,58,1
15,1,59,0
15,1,60,0
15,1,61,1
15,1,62,0
15,1,63,0
15,1,64,0
15,1,65,0
15,1,66,1
15,1,67,1
15,1,68,0
15,1,69,1
15,1,70,0
15,1,71,1
15,1,72,1
15,1,73,1
15,1,74,1
15,1,75,1
15,1,76,0
15,1,77,0
15,1,78,1
15,1,79,1
15,1,80,0
15,1,81,1
15,1,82,1
15,1,83,1
15,1,84,1
15,1,85,0
15,1,86,0
15,1,87,0
15,1,88,1
15,1,89,0
15,1,90,0
15,1,91,1
15,1,92,0
15,1,93,0
15,1,94,1
15,1,95,0
15,1,96,1
15,1,97,1
15,1,98,1
15,1,99,1
15,1,100,0
15,2,1,0
15,2,2,1
15,2,3,1
15,2,4,0
15,2,5,0
15,2,6,0
15,2,7,0
15,2,8,0
15,2,9,0
15,2,10,0
15,2,11,1
15,2,12,0
15,2,13,0
15,2,14,0
15,2,15,1
15,2,16,0
15,2,17,1
15,2,18,0
15,2,19,0
15,2,20,0
15,2,21,1
15,2,22,0
15,2,23,0
15,2,24,0
15,2,25,0
15,2,26,0
15,2,27,0
15,2,28,0
15,2,29,1
15,2,30,1
15,2,31,1
15,2,32,1
15,2,33,0
15,2,34,0
15,2,35,0
15,2,36,0
15,2,37,1
15,2,38,0
15,2,39,1
15,2,40,0
15,2,41,0
15,2,42,0
15,2,43,0
15,2,44,0
15,2,45,0
15,2,46,0
15,2,47,0
15,2,48,1
15,2,49,1
15,2,50,0
15,2,51,0
15,2,52,1
15,2,53,0
15,2,54,0
15,2,55,0
15,2,56,0
15,2,57,1
15,2,58,1
15,2,59,1
15,2,60,0
15,2,61,0
15,2,62,1
15,2,63,0
15,2,64,1
15,2,65,1
15,2,66,1
15,2,67,0
15,2,68,0
15,2,69,0
15,2,70,1
15,2,71,1
15,2,72,0
15,2,73,0
15,2,74,0
15,2,75,0
15,2,76,0
15,2,77,0
15,2,78,1
15,2,79,0
15,2,80,0
15,2,81,0
15,2,82,0
15,2,83,0
15,2,84,0
15,2,85,1
15,2,86,0
15,2,87,0
15,2,88,0
15,2,89,1
15,2,90,0
15,2,91,1
15,2,92,1
15,2,93,1
15,2,94,1
15,2,95,1
15,2,96,0
15,2,97,1
15,2,98,0
15,2,99,0
15,2,100,0
16,1,1,1
16,1,2,1
16,1,3,1
16,1,4,1
16,1,5,1
16,1,6,0
16,1,7,0
16,1,8,0
16,1,9,1
16,1,10,0
16,1,11,1
16,1,12,0
16,1,13,1
16,1,14,1
16,1,15,1
16,1,16,1
16,1,17,0
16,1,18,1
16,1,19,0
16,1,20,0
16,1,21,0
16,1,22,1
16,1,23,1
16,1,24,0
16,1,25,1
16,1,26,0
16,1,27,0
16,1,28,1
16,1,29,0
16,1,30,0
16,1,31,1
16,1,32,0
16,1,33,0
16,1,34,1
16,1,35,0
16,1,36,1
16,1,37,1
16,1,38,1
16,1,39,1
16,1,40,1
16,1,41,1
16,1,42,0
16,1,43,0
16,1,44,0
16,1,45,1
16,1,46,1
16,1,47,1
16,1,48,0
16,1,49,1
16,1,50,0
16,1,51,0
16,1,52,1
16,1,53,1
16,1,54,1
16,1,55,0
16,1,56,0
16,1,57,1
16,1,58,1
16,1,59,0
16,1,60,0
16,1,61,0
16,1,62,0
16,1,63,0
16,1,64,0
16,1,65,0
16,1,66,0
16,1,67,0
16,1,68,0
16,1,69,1
16,1,70,0
16,1,71,1
16,1,72,1
16,1,73,1
16,1,74,0
16,1,75,0
16,1,76,0
16,1,77,0
16,1,78,0
16,1,79,1
16,1,80,0
16,1,81,1
16,1,82,0
16,1,83,0
16,1,84,1
16,1,85,1
16,1,86,0
16,1,87,1
16,1,88,0
16,1,89,1
16,1,90,1
16,1,91,1
16,1,92,1
16,1,93,1
16,1,94,1
16,1,95,1
16,1,96,0
16,1,97,0
16,1,98,0
16,1,99,0
16,1,100,0
16,2,1,0
16,2,2,0
16,2,3,1
16,2,4,0
16,2,5,0
16,2,6,0
16,2,7,1
16,2,8,0
16,2,9,1
16,2,10,0
16,2,11,1
16,2,12,0
16,2,13,1
16,2,14,0
16,2,15,1
16,2,16,0
16,2,17,1
16,2,18,0
16,2,19,0
16,2,20,1
16,2,21,0
16,2,22,0
16,2,23,0
16,2,24,0
16,2,25,0
16,2,26,1
16,2,27,1
16,2,28,1
16,2,29,0
16,2,30,0
16,2,31,0
16,2,32,0
16,2,33,0
16,2,34,1
16,2,35,1
16,2,36,1
16,2,37,0
16,2,38,0
16,2,39,1
16,2,40,0
16,2,41,1
16,2,42,0
16,2,43,1
16,2,44,1
16,2,45,1
16,2,46,0
16,2,47,0
16,2,48,0
16,2,49,0
16,2,50,0
16,2,51,0
16,2,52,1
16,2,53,0
16,2,54,0
16,2,55,0
16,2,56,0
16,2,57,1
16,2,58,0
16,2,59,0
16,2,60,0
16,2,61,1
16,2,62,0
16,2,63,0
16,2,64,1
16,2,65,0
16,2,66,0
16,2,67,0
16,2,68,1
16,2,69,1
16,2,70,0
16,2,71,1
16,2,72,1
16,2,73,1
16,2,74,1
16,2,75,0
16,2,76,1
16,2,77,0
16,2,78,0
16,2,79,1
16,2,80,1
16,2,81,0
16,2,82,0
16,2,83,0
16,2,84,1
16,2,85,1
16,2,86,0
16,2,87,1
16,2,88,1
16,2,89,0
16,2,90,1
16,2,91,1
16,2,92,0
16,2,93,1
16,2,94,0
16,2,95,0
16,2,96,0
16,2,97,0
16,2,98,0
16,2,99,0
16,2,100,1
17,1,1,1
17,1,2,0
17,1,3,0
17,1,4,1
17,1,5,0
17,1,6,1
17,1,7,0
17,1,8,1
17,1,9,0
17,1,10,0
17,1,11,0
17,1,12,1
17,1,13,0
17,1,14,0
17,1,15,1
17,1,16,0
17,1,17,1
17,1,18,0
17,1,19,0
17,1,20,1
17,1,21,1
17,1,22,0
17,1,23,1
17,1,24,0
17,1,25,0
17,1,26,0
17,1,27,0
17,1,28,1
17,1,29,0
17,1,30,1
17,1,31,1
17,1,32,0
17,1,33,1
17,1,34,1
17,1,35,1
17,1,36,0
17,1,37,0
17,1,38,1
17,1,39,0
17,1,40,0
17,1,41,1
17,1,42,1
17,1,43,1
17,1,44,0
17,1,45,1
17,1,46,0
17,1,47,1
17,1,48,1
17,1,49,1
17,1,50,0
17,1,51,1
17,1,52,1
17,1,53,1
17,1,54,0
17,1,55,0
17,1,56,0
17,1,57,0
17,1,58,1
17,1,59,1
17,1,60,0
17,1,61,0
17,1,62,0
17,1,63,0
17,1,64,1
17,1,65,0
17,1,66,0
17,1,67,0
17,1,68,0
17,1,69,1
17,1,70,0
17,1,71,0
17,1,72,0
17,1,73,1
17,1,74,0
17,1,75,0
17,1,76,0
17,1,77,1
17,1,78,1
17,1,79,1
17,1,80,1
17,1,81,0
17,1,82,1
17,1,83,0
17,1,84,1
17,1,85,0
17,1,86,1
17,1,87,1
17,1,88,0
17,1,89,0
17,1,90,0
17,1,91,0
17,1,92,0
17,1,93,1
17,1,94,1
17,1,95,1
17,1,96,1
17,1,97,1
17,1,98,1
17,1,99,0
17,1,100,1
17,2,1,1
17,2,2,0
17,2,3,1
17,2,4,0
17,2,5,1
17,2,6,0
17,2,7,1
17,2,8,0
17,2,9,1
17,2,10,0
17,2,11,0
17,2,12,1
17,2,13,0
17,2,14,1
17,2,15,0
17,2,16,0
17,2,17,0
17,2,18,1
17,2,19,1
17,2,20,0
17,2,21,1
17,2,22,0
17,2,23,0
17,2,24,0
17,2,25,0
17,2,26,1
17,2,27,0
17,2,28,0
17,2,29,1
17,2,30,0
17,2,31,0
17,2,32,1
17,2,33,1
17,2,34,0
17,2,35,1
17,2,36,0
17,2,37,1
17,2,38,0
17,2,39,1
17,2,40,1
17,2,41,0
17,2,42,1
17,2,43,0
17,2,44,1
17,2,45,0
17,2,46,1
17,2,47,1
17,2,48,0
17,2,49,0
17,2,50,0
17,2,51,0
17,2,52,0
17,2,53,1
17,2,54,1
17,2,55,0
17,2,56,1
17,2,57,0
17,2,58,0
17,2,59,1
17,2,60,0
17,2,61,1
17,2,62,1
17,2,63,0
17,2,64,1
17,2,65,0
17,2,66,0
17,2,67,0
17,2,68,1
17,2,69,1
17,2,70,1
17,2,71,1
17,2,72,0
17,2,73,1
17,2,74,0
17,2,75,0
17,2,76,0
17,2,77,0
17,2,78,1
17,2,79,0
17,2,80,0
17,2,81,0
17,2,82,0
17,2,83,1
17,2,84,1
17,2,85,1
17,2,86,0
17,2,87,0
17,2,88,0
17,2,89,1
17,2,90,0
17,2,91,0
17,2,92,0
17,2,93,1
17,2,94,0
17,2,95,1
17,2,96,1
17,2,97,0
17,2,98,0
17,2,99,1
17,2,100,0
18,1,1,0
18,1,2,0
18,1,3,1
18,1,4,0
18,1,5,1
18,1,6,0
18,1,7,0
18,1,8,0
18,1,9,0
18,1,10,0
18,1,11,1
18,1,12,1
18,1,13,1
18,1,14,1
18,1,15,0
18,1,16,0
18,1,17,0
18,1,18,1
18,1,19,0
18,1,20,0
18,1,21,0
18,1,22,0
18,1,23,0
18,1,24,0
18,1,25,1
18,1,26,1
18,1,27,1
18,1,28,0
18,1,29,0
18,1,30,1
18,1,31,0
18,1,32,1
18,1,33,1
18,1,34,0
18,1,35,1
18,1,36,0
18,1,37,0
18,1,38,0
18,1,39,1
18,1,40,1
18,1,41,1
18,1,42,1
18,1,43,0
18,1,44,0
18,1,45,1
18,1,46,1
18,1,47,0
18,1,48,1
18,1,49,1
18,1,50,1
18,1,51,0
18,1,52,1
18,1,53,0
18,1,54,1
18,1,55,1
18,1,56,0
18,1,57,1
18,1,58,1
18,1,59,1
18,1,60,0
18,1,61,1
18,1,62,0
18,1,63,1
18,1,64,0
18,1,65,0
18,1,66,1
18,1,67,1
18,1,68,1
18,1,69,0
18,1,70,1
18,1,71,1
18,1,72,1
18,1,73,1
18,1,74,1
18,1,75,1
18,1,76,0
18,1,77,1
18,1,78,0
18,1,79,1
18,1,80,1
18,1,81,0
18,1,82,1
18,1,83,0
18,1,84,0
18,1,85,0
18,1,86,1
18,1,87,0
18,1,88,0
18,1,89,1
18,1,90,1
18,1,91,1
18,1,92,0
18,1,93,0
18,1,94,0
18,1,95,1
18,1,96,1
18,1,97,0
18,1,98,1
18,1,99,1
18,1,100,0
18,2,1,1
18,2,2,1
18,2,3,1
18,2,4,1
18,2,5,0
18,2,6,0
18,2,7,0
18,2,8,0
18,2,9,0
18,2,10,0
18,2,11,0
18,2,12,1
18,2,13,0
18,2,14,0
18,2,15,1
18,2,16,0
18,2,17,0
18,2,18,0
18,2,19,0
18,2,20,0
18,2,21,0
18,2,22,0
18,2,23,1
18,2,24,0
18,2,25,1
18,2,26,0
18,2,27,1
18,2,28,1
18,2,29,1
18,2,30,0
18,2,31,0
18,2,32,1
18,2,33,0
18,2,34,0
18,2,35,1
18,2,36,0
18,2,37,0
18,2,38,0
18,2,39,0
18,2,40,1
18,2,41,0
18,2,42,0
18,2,43,1
18,2,44,0
18,2,45,1
18,2,46,0
18,2,47,0
18,2,48,0
18,2,49,1
18,2,50,0
18,2,51,1
18,2,52,0
18,2,53,0
18,2,54,1
18,2,55,1
18,2,56,1
18,2,57,0
18,2,58,0
18,2,59,1
18,2,60,1
18,2,61,1
18,2,62,1
18,2,63,1
18,2,64,0
18,2,65,1
18,2,66,1
18,2,67,0
18,2,68,0
18,2,69,0
18,2,70,1
18,2,71,0
18,2,72,1
18,2,73,1
18,2,74,0
18,2,75,0
18,2,76,1
18,2,77,1
18,2,78,1
18,2,79,1
18,2,80,0
18,2,81,0
18,2,82,1
18,2,83,1
18,2,84,1
18,2,85,0
18,2,86,0
18,2,87,1
18,2,88,1
18,2,89,0
18,2,90,1
18,2,91,0
18,2,92,0
18,2,93,1
18,2,94,0
18,2,95,1
18,2,96,0
18,2,97,0
18,2,98,1
18,2,99,1
18,2,100,0
19,1,1,1
19,1,2,0
19,1,3,0
19,1,4,1
19,1,5,1
19,1,6,0
19,1,7,1
19,1,8,1
19,1,9,0
19,1,10,1
19,1,11,0
19,1,12,0
19,1,13,0
19,1,14,1
19,1,15,0
19,1,16,0
19,1,17,1
19,1,18,1
19,1,19,0
19,1,20,1
19,1,21,1
19,1,22,1
19,1,23,1
19,1,24,1
19,1,25,0
19,1,26,1
19,1,27,0
19,1,28,1
19,1,29,1
19,1,30,1
19,1,31,1
19,1,32,0
19,1,33,1
19,1,34,0
19,1,35,1
19,1,36,0
19,1,37,0
19,1,38,1
19,1,39,0
19,1,40,1
19,1,41,0
19,1,42,0
19,1,43,0
19,1,44,1
19,1,45,0
19,1,46,0
19,1,47,0
19,1,48,1
19,1,49,1
19,1,50,0
19,1,51,0
19,1,52,1
19,1,53,0
19,1,54,0
19,1,55,0
19,1,56,1
19,1,57,1
19,1,58,0
19,1,59,1
19,1,60,0
19,1,61,0
19,1,62,0
19,1,63,0
19,1,64,1
19,1,65,0
19,1,66,1
19,1,67,0
19,1,68,0
19,1,69,1
19,1,70,0
19,1,71,0
19,1,72,1
19,1,73,0
19,1,74,1
19,1,75,0
19,1,76,1
19,1,77,1
19,1,78,0
19,1,79,0
19,1,80,0
19,1,81,1
19,1,82,0
19,1,83,1
19,1,84,0
19,1,85,1
19,1,86,0
19,1,87,0
19,1,88,0
19,1,89,0
19,1,90,0
19,1,91,0
19,1,92,0
19,1,93,0
19,1,94,1
19,1,95,1
19,1,96,1
19,1,97,0
19,1,98,1
19,1,99,1
19,1,100,0
19,2,1,1
19,2,2,0
19,2,3,1
19,2,4,1
19,2,5,0
19,2,6,0
19,2,7,0
19,2,8,1
19,2,9,0
19,2,10,0
19,2,11,0
19,2,12,0
19,2,13,1
19,2,14,0
19,2,15,1
19,2,16,0
19,2,17,0
19,2,18,1
19,2,19,0
19,2,20,1
19,2,21,1
19,2,22,0
19,2,23,1
19,2,24,1
19,2,25,1
19,2,26,1
19,2,27,0
19,2,28,0
19,2,29,1
19,2,30,0
19,2,31,1
19,2,32,0
19,2,33,0
19,2,34,1
19,2,35,1
19,2,36,0
19,2,37,1
19,2,38,1
19,2,39,0
19,2,40,0
19,2,41,1
19,2,42,1
19,2,43,1
19,2,44,1
19,2,45,1
19,2,46,0
19,2,47,1
19,2,48,0
19,2,49,1
19,2,50,0
19,2,51,1
19,2,52,0
19,2,53,1
19,2,54,1
19,2,55,0
19,2,56,0
19,2,57,1
19,2,58,0
19,2,59,0
19,2,60,1
19,2,61,0
19,2,62,1
19,2,63,1
19,2,64,0
19,2,65,1
19,2,66,0
19,2,67,0
19,2,68,1
19,2,69,0
19,2,70,0
19,2,71,0
19,2,72,0
19,2,73,0
19,2,74,1
19,2,75,0
19,2,76,0
19,2,77,0
19,2,78,0
19,2,79,0
19,2,80,0
19,2,81,0
19,2,82,0
19,2,83,1
19,2,84,1
19,2,85,1
19,2,86,0
19,2,87,1
19,2,88,0
19,2,89,0
19,2,90,0
19,2,91,1
19,2,92,0
19,2,93,0
19,2,94,1
19,2,95,1
19,2,96,0
19,2,97,0
19,2,98,0
19,2,99,1
19,2,100,0
20,1,1,0
20,1,2,1
20,1,3,1
20,1,4,0
20,1,5,0
20,1,6,0
20,1,7,1
20,1,8,1
20,1,9,0
20,1,10,0
20,1,11,1
20,1,12,1
20,1,13,1
20,1,14,1
20,1,15,1
20,1,16,0
20,1,17,1
20,1,18,0
20,1,19,0
20,1,20,1
20,1,21,0
20,1,22,1
20,1,23,0
20,1,24,1
20,1,25,1
20,1,26,1
20,1,27,0
20,1,28,0
20,1,29,1
20,1,30,0
20,1,31,0
20,1,32,0
20,1,33,1
20,1,34,1
20,1,35,1
20,1,36,0
20,1,37,1
20,1,38,1
20,1,39,1
20,1,40,1
20,1,41,0
20,1,42,1
20,1,43,1
20,1,44,1
20,1,45,0
20,1,46,1
20,1,47,1
20,1,48,1
20,1,49,1
20,1,50,1
20,1,51,1
20,1,52,1
20,1,53,0
20,1,54,1
20,1,55,1
20,1,56,0
20,1,57,1
20,1,58,1
20,1,59,1
20,1,60,0
20,1,61,0
20,1,62,0
20,1,63,1
20,1,64,1
20,1,65,0
20,1,66,1
20,1,67,0
20,1,68,1
20,1,69,0
20,1,70,0
20,1,71,1
20,1,72,0
20,1,73,0
20,1,74,1
20,1,75,1
20,1,76,1
20,1,77,0
20,1,78,0
20,1,79,0
20,1,80,1
20,1,81,0
20,1,82,1
20,1,83,0
20,1,84,0
20,1,85,0
20,1,86,1
20,1,87,1
20,1,88,0
20,1,89,0
20,1,90,0
20,1,91,1
20,1,92,0
20,1,93,1
20,1,94,1
20,1,95,0
20,1,96,1
20,1,97,0
20,1,98,0
20,1,99,0
20,1,100,0
20,2,1,0
20,2,2,0
20,2,3,1
20,2,4,0
20,2,5,0
20,2,6,1
20,2,7,1
20,2,8,1
20,2,9,1
20,2,10,0
20,2,11,0
20,2,12,0
20,2,13,0
20,2,14,1
20,2,15,0
20,2,16,0
20,2,17,0
20,2,18,1
20,2,19,0
20,2,20,0
20,2,21,1
20,2,22,0
20,2,23,1
20,2,24,0
20,2,25,0
20,2,26,0
20,2,27,1
20,2,28,1
20,2,29,1
20,2,30,0
20,2,31,1
20,2,32,1
20,2,33,1
20,2,34,0
20,2,35,0
20,2,36,1
20,2,37,0
20,2,38,0
20,2,39,0
20,2,40,0
20,2,41,1
20,2,42,1
20,2,43,0
20,2,44,0
20,2,45,0
20,2,46,1
20,2,47,0
20,2,48,0
20,2,49,0
20,2,50,0
20,2,51,1
20,2,52,0
20,2,53,0
20,2,54,1
20,2,55,1
20,2,56,0
20,2,57,0
20,2,58,1
20,2,59,1
20,2,60,0
20,2,61,1
20,2,62,1
20,2,63,0
20,2,64,0
20,2,65,1
20,2,66,1
20,2,67,1
20,2,68,0
20,2,69,1
20,2,70,1
20,2,71,0
20,2,72,1
20,2,73,0
20,2,74,1
20,2,75,1
20,2,76,0
20,2,77,0
20,2,78,0
20,2,79,0
20,2,80,0
20,2,81,1
20,2,82,0
20,2,83,1
20,2,84,1
20,2,85,0
20,2,86,1
20,2,87,0
20,2,88,0
20,2,89,1
20,2,90,1
20,2,91,1
20,2,92,1
20,2,93,0
20,2,94,0
20,2,95,1
20,2,96,0
20,2,97,1
20,2,98,1
20,2,99,1
20,2,100,0
21,1,1,1
21,1,2,0
21,1,3,1
21,1,4,1
21,1,5,1
21,1,6,1
21,1,7,1
21,1,8,0
21,1,9,0
21,1,10,1
21,1,11,1
21,1,12,0
21,1,13,1
21,1,14,0
21,1,15,1
21,1,16,1
21,1,17,1
21,1,18,0
21,1,19,1
21,1,20,0
21,1,21,0
21,1,22,0
21,1,23,0
21,1,24,1
21,1,25,0
21,1,26,0
21,1,27,0
21,1,28,0
21,1,29,1
21,1,30,1
21,1,31,0
21,1,32,0
21,1,33,0
21,1,34,1
21,1,35,1
21,1,36,1
21,1,37,0
21,1,38,1
21,1,39,1
21,1,40,1
21,1,41,0
21,1,42,0
21,1,43,0
21,1,44,1
21,1,45,1
21,1,46,0
21,1,47,0
21,1,48,0
21,1,49,0
21,1,50,1
21,1,51,0
21,1,52,1
21,1,53,0
21,1,54,1
21,1,55,1
21,1,56,0
21,1,57,1
21,1,58,0
21,1,59,0
21,1,60,0
21,1,61,1
21,1,62,1
21,1,63,1
21,1,64,1
21,1,65,0
21,1,66,0
21,1,67,0
21,1,68,0
21,1,69,1
21,1,70,1
21,1,71,1
21,1,72,1
21,1,73,1
21,1,74,1
21,1,75,0
21,1,76,0
21,1,77,1
21,1,78,0
21,1,79,0
21,1,80,1
21,1,81,0
21,1,82,1
21,1,83,0
21,1,84,1
21,1,85,1
21,1,86,0
21,1,87,1
21,1,88,1
21,1,89,1
21,1,90,1
21,1,91,0
21,1,92,1
21,1,93,0
21,1,94,0
21,1,95,0
21,1,96,1
21,1,97,1
21,1,98,1
21,1,99,0
21,1,100,0
21,2,1,1
21,2,2,0
21,2,3,0
21,2,4,0
21,2,5,0
21,2,6,1
21,2,7,0
21,2,8,0
21,2,9,1
21,2,10,1
21,2,11,1
21,2,12,0
21,2,13,0
21,2,14,1
21,2,15,1
21,2,16,1
21,2,17,1
21,2,18,0
21,2,19,1
21,2,20,0
21,2,21,0
21,2,22,0
21,2,23,0
21,2,24,1
21,2,25,0
21,2,26,0
21,2,27,0
21,2,28,0
21,2,29,0
21,2,30,1
21,2,31,1
21,2,32,0
21,2,33,1
21,2,34,0
21,2,35,0
21,2,36,1
21,2,37,0
21,2,38,0
21,2,39,0
21,2,40,1
21,2,41,0
21,2,42,0
21,2,43,1
21,2,44,0
21,2,45,1
21,2,46,1
21,2,47,0
21,2,48,0
21,2,49,0
21,2,50,1
21,2,51,0
21,2,52,1
21,2,53,0
21,2,54,1
21,2,55,0
21,2,56,0
21,2,57,1
21,2,58,0
21,2,59,0
21,2,60,1
21,2,61,0
21,2,62,1
21,2,63,0
21,2,64,0
21,2,65,0
21,2,66,1
21,2,67,0
21,2,68,1
21,2,69,0
21,2,70,1
21,2,71,1
21,2,72,0
21,2,73,1
21,2,74,0
21,2,75,0
21,2,76,1
21,2,77,0
21,2,78,0
21,2,79,0
21,2,80,1
21,2,81,1
21,2,82,0
21,2,83,0
21,2,84,1
21,2,85,1
21,2,86,0
21,2,87,0
21,2,88,1
21,2,89,0
21,2,90,0
21,2,91,0
21,2,92,1
21,2,93,1
21,2,94,0
21,2,95,1
21,2,96,0
21,2,97,1
21,2,98,1
21,2,99,1
21,2,100,0
22,1,1,1
22,1,2,1
22,1,3,0
22,1,4,0
22,1,5,1
22,1,6,1
22,1,7,0
22,1,8,1
22,1,9,1
22,1,10,1
22,1,11,0
22,1,12,0
22,1,13,1
22,1,14,0
22,1,15,0
22,1,16,0
22,1,17,0
22,1,18,0
22,1,19,1
22,1,20,1
22,1,21,0
22,1,22,0
22,1,23,1
22,1,24,1
22,1,25,0
22,1,26,0
22,1,27,0
22,1,28,0
22,1,29,0
22,1,30,1
22,1,31,0
22,1,32,0
22,1,33,0
22,1,34,1
22,1,35,1
22,1,36,0
22,1,37,1
22,1,38,0
22,1,39,0
22,1,40,0
22,1,41,1
22,1,42,1
22,1,43,1
22,1,44,1
22,1,45,0
22,1,46,1
22,1,47,1
22,1,48,1
22,1,49,0
22,1,50,1
22,1,51,0
22,1,52,1
22,1,53,1
22,1,54,1
22,1,55,0
22,1,56,1
22,1,57,0
22,1,58,0
22,1,59,0
22,1,60,1
22,1,61,0
22,1,62,0
22,1,63,1
22,1,64,0
22,1,65,0
22,1,66,1
22,1,67,0
22,1,68,0
22,1,69,0
22,1,70,1
22,1,71,1
22,1,72,1
22,1,73,1
22,1,74,1
22,1,75,1
22,1,76,1
22,1,77,1
22,1,78,0
22,1,79,0
22,1,80,1
22,1,81,0
22,1,82,0
22,1,83,0
22,1,84,1
22,1,85,1
22,1,86,0
22,1,87,1
22,1,88,0
22,1,89,0
22,1,90,1
22,1,91,1
22,1,92,1
22,1,93,0
22,1,94,1
22,1,95,0
22,1,96,1
22,1,97,0
22,1,98,1
22,1,99,0
22,1,100,1
22,2,1,0
22,2,2,0
22,2,3,0
22,2,4,0
22,2,5,0
22,2,6,0
22,2,7,1
22,2,8,1
22,2,9,1
22,2,10,0
22,2,11,0
22,2,12,1
22,2,13,1
22,2,14,0
22,2,15,0
22,2,16,0
22,2,17,0
22,2,18,1
22,2,19,0
22,2,20,1
22,2,21,0
22,2,22,0
22,2,23,1
22,2,24,1
22,2,25,1
22,2,26,0
22,2,27,1
22,2,28,0
22,2,29,0
22,2,30,0
22,2,31,1
22,2,32,0
22,2,33,1
22,2,34,0
22,2,35,1
22,2,36,0
22,2,37,1
22,2,38,0
22,2,39,0
22,2,40,1
22,2,41,1
22,2,42,0
22,2,43,1
22,2,44,0
22,2,45,1
22,2,46,1
22,2,47,1
22,2,48,0
22,2,49,1
22,2,50,0
22,2,51,1
22,2,52,0
22,2,53,0
22,2,54,1
22,2,55,1
22,2,56,1
22,2,57,0
22,2,58,1
22,2,59,0
22,2,60,0
22,2,61,0
22,2,62,0
22,2,63,0
22,2,64,1
22,2,65,0
22,2,66,0
22,2,67,1
22,2,68,1
22,2,69,0
22,2,70,0
22,2,71,0
22,2,72,0
22,2,73,0
22,2,74,0
22,2,75,0
22,2,76,0
22,2,77,0
22,2,78,0
22,2,79,1
22,2,80,0
22,2,81,1
22,2,82,0
22,2,83,0
22,2,84,1
22,2,85,0
22,2,86,0
22,2,87,0
22,2,88,0
22,2,89,1
22,2,90,0
22,2,91,0
22,2,92,0
22,2,93,0
22,2,94,1
22,2,95,0
22,2,96,0
22,2,97,0
22,2,98,1
22,2,99,1
22,2,100,1
23,1,1,1
23,1,2,0
23,1,3,0
23,1,4,0
23,1,5,0
23,1,6,0
23,1,7,0
23,1,8,1
23,1,9,1
23,1,10,0
23,1,11,1
23,1,12,1
23,1,13,0
23,1,14,1
23,1,15,0
23,1,16,1
23,1,17,0
23,1,18,1
23,1,19,1
23,1,20,1
23,1,21,1
23,1,22,0
23,1,23,1
23,1,24,1
23,1,25,0
23,1,26,0
23,1,27,0
23,1,28,0
23,1,29,0
23,1,30,1
23,1,31,0
23,1,32,1
23,1,33,1
23,1,34,0
23,1,35,1
23,1,36,0
23,1,37,1
23,1,38,0
23,1,39,1
23,1,40,0
23,1,41,0
23,1,42,1
23,1,43,1
23,1,44,1
23,1,45,1
23,1,46,0
23,1,47,1
23,1,48,0
23,1,49,0
23,1,50,0
23,1,51,0
23,1,52,1
23,1,53,0
23,1,54,0
23,1,55,1
23,1,56,1
23,1,57,1
23,1,58,1
23,1,59,1
23,1,60,0
23,1,61,0
23,1,62,1
23,1,63,1
23,1,64,0
23,1,65,0
23,1,66,1
23,1,67,1
23,1,68,1
23,1,69,0
23,1,70,1
23,1,71,0
23,1,72,0
23,1,73,1
23,1,74,0
23,1,75,0
23,1,76,0
23,1,77,1
23,1,78,0
23,1,79,0
23,1,80,0
23,1,81,1
23,1,82,1
23,1,83,0
23,1,84,1
23,1,85,1
23,1,86,1
23,1,87,0
23,1,88,1
23,1,89,0
23,1,90,1
23,1,91,1
23,1,92,0
23,1,93,0
23,1,94,1
23,1,95,1
23,1,96,0
23,1,97,0
23,1,98,0
23,1,99,1
23,1,100,1
23,2,1,1
23,2,2,0
23,2,3,1
23,2,4,0
23,2,5,0
23,2,6,0
23,2,7,0
23,2,8,0
23,2,9,0
23,2,10,1
23,2,11,1
23,2,12,1
23,2,13,0
23,2,14,1
23,2,15,1
23,2,16,0
23,2,17,0
23,2,18,0
23,2,19,0
23,2,20,1
23,2,21,0
23,2,22,0
23,2,23,0
23,2,24,0
23,2,25,0
23,2,26,0
23,2,27,0
23,2,28,1
23,2,29,0
23,2,30,0
23,2,31,0
23,2,32,0
23,2,33,1
23,2,34,0
23,2,35,0
23,2,36,0
23,2,37,0
23,2,38,0
23,2,39,0
23,2,40,1
23,2,41,0
23,2,42,1
23,2,43,1
23,2,44,1
23,2,45,0
23,2,46,0
23,2,47,0
23,2,48,1
23,2,49,1
23,2,50,0
23,2,51,0
23,2,52,1
23,2,53,1
23,2,54,0
23,2,55,1
23,2,56,0
23,2,57,0
23,2,58,1
23,2,59,0
23,2,60,1
23,2,61,0
23,2,62,1
23,2,63,1
23,2,64,0
23,2,65,1
23,2,66,0
23,2,67,0
23,2,68,1
23,2,69,1
23,2,70,0
23,2,71,1
23,2,72,1
23,2,73,1
23,2,74,0
23,2,75,1
23,2,76,1
23,2,77,0
23,2,78,1
23,2,79,1
23,2,80,1
23,2,81,0
23,2,82,0
23,2,83,0
23,2,84,0
23,2,85,1
23,2,86,0
23,2,87,0
23,2,88,1
23,2,89,0
23,2,90,0
23,2,91,0
23,2,92,1
23,2,93,0
23,2,94,0
23,2,95,1
23,2,96,0
23,2,97,0
23,2,98,0
23,2,99,0
23,2,100,0
24,1,1,0
24,1,2,1
24,1,3,1
24,1,4,1
24,1,5,0
24,1,6,0
24,1,7,1
24,1,8,1
24,1,9,1
24,1,10,1
24,1,11,1
24,1,12,1
24,1,13,0
24,1,14,1
24,1,15,1
24,1,16,0
24,1,17,0
24,1,18,1
24,1,19,1
24,1,20,1
24,1,21,0
24,1,22,1
24,1,23,1
24,1,24,1
24,1,25,0
24,1,26,1
24,1,27,1
24,1,28,0
24,1,29,1
24,1,30,1
24,1,31,0
24,1,32,0
24,1,33,1
24,1,34,1
24,1,35,1
24,1,36,1
24,1,37,1
24,1,38,1
24,1,39,0
24,1,40,1
24,1,41,1
24,1,42,1
24,1,43,0
24,1,44,1
24,1,45,1
24,1,46,1
24,1,47,0
24,1,48,1
24,1,49,1
24,1,50,0
24,1,51,0
24,1,52,1
24,1,53,0
24,1,54,0
24,1,55,1
24,1,56,1
24,1,57,0
24,1,58,0
24,1,59,0
24,1,60,1
24,1,61,0
24,1,62,0
24,1,63,1
24,1,64,1
24,1,65,0
24,1,66,0
24,1,67,1
24,1,68,1
24,1,69,1
24,1,70,1
24,1,71,1
24,1,72,1
24,1,73,0
24,1,74,0
24,1,75,0
24,1,76,1
24,1,77,0
24,1,78,0
24,1,79,0
24,1,80,1
24,1,81,0
24,1,82,0
24,1,83,0
24,1,84,0
24,1,85,0
24,1,86,1
24,1,87,1
24,1,88,0
24,1,89,1
24,1,90,0
24,1,91,0
24,1,92,1
24,1,93,1
24,1,94,1
24,1,95,0
24,1,96,0
24,1,97,1
24,1,98,1
24,1,99,0
24,1,100,1
24,2,1,1
24,2,2,0
24,2,3,1
24,2,4,0
24,2,5,0
24,2,6,0
24,2,7,0
24,2,8,0
24,2,9,0
24,2,10,0
24,2,11,0
24,2,12,0
24,2,13,1
24,2,14,0
24,2,15,1
24,2,16,1
24,2,17,1
24,2,18,1
24,2,19,0
24,2,20,1
24,2,21,0
24,2,22,1
24,2,23,0
24,2,24,0
24,2,25,1
24,2,26,0
24,2,27,1
24,2,28,1
24,2,29,0
24,2,30,1
24,2,31,1
24,2,32,0
24,2,33,1
24,2,34,0
24,2,35,0
24,2,36,1
24,2,37,0
24,2,38,0
24,2,39,0
24,2,40,0
24,2,41,0
24,2,42,0
24,2,43,1
24,2,44,0
24,2,45,0
24,2,46,0
24,2,47,0
24,2,48,0
24,2,49,1
24,2,50,1
24,2,51,0
24,2,52,0
24,2,53,1
24,2,54,1
24,2,55,0
24,2,56,1
24,2,57,0
24,2,58,1
24,2,59,0
24,2,60,1
24,2,61,0
24,2,62,0
24,2,63,0
24,2,64,0
24,2,65,0
24,2,66,0
24,2,67,1
24,2,68,0
24,2,69,1
24,2,70,1
24,2,71,1
24,2,72,0
24,2,73,1
24,2,74,0
24,2,75,1
24,2,76,0
24,2,77,0
24,2,78,1
24,2,79,1
24,2,80,0
24,2,81,1
24,2,82,0
24,2,83,0
24,2,84,0
24,2,85,0
24,2,86,0
24,2,87,0
24,2,88,1
24,2,89,0
24,2,90,1
24,2,91,0
24,2,92,0
24,2,93,0
24,2,94,0
24,2,95,1
24,2,96,0
24,2,97,0
24,2,98,0
24,2,99,1
24,2,100,0
25,1,1,1
25,1,2,0
25,1,3,1
25,1,4,0
25,1,5,1
25,1,6,1
25,1,7,0
25,1,8,0
25,1,9,1
25,1,10,1
25,1,11,0
25,1,12,1
25,1,13,0
25,1,14,0
25,1,15,0
25,1,16,1
25,1,17,0
25,1,18,1
25,1,19,1
25,1,20,1
25,1,21,1
25,1,22,0
25,1,23,1
25,1,24,0
25,1,25,1
25,1,26,1
25,1,27,0
25,1,28,1
25,1,29,0
25,1,30,1
25,1,31,1
25,1,32,0
25,1,33,1
25,1,34,0
25,1,35,1
25,1,36,0
25,1,37,1
25,1,38,1
25,1,39,1
25,1,40,1
25,1,41,0
25,1,42,0
25,1,43,0
25,1,44,1
25,1,45,0
25,1,46,0
25,1,47,0
25,1,48,0
25,1,49,0
25,1,50,1
25,1,51,0
25,1,52,1
25,1,53,1
25,1,54,1
25,1,55,0
25,1,56,1
25,1,57,1
25,1,58,1
25,1,59,0
25,1,60,0
25,1,61,1
25,1,62,0
25,1,63,0
25,1,64,1
25,1,65,0
25,1,66,0
25,1,67,0
25,1,68,0
25,1,69,0
25,1,70,0
25,1,71,1
25,1,72,1
25,1,73,0
25,1,74,1
25,1,75,1
25,1,76,1
25,1,77,1
25,1,78,0
25,1,79,1
25,1,80,1
25,1,81,0
25,1,82,0
25,1,83,1
25,1,84,1
25,1,85,0
25,1,86,0
25,1,87,1
25,1,88,1
25,1,89,0
25,1,90,1
25,1,91,0
25,1,92,0
25,1,93,0
25,1,94,1
25,1,95,0
25,1,96,1
25,1,97,1
25,1,98,0
25,1,99,0
25,1,100,1
25,2,1,1
25,2,2,1
25,2,3,1
25,2,4,1
25,2,5,0
25,2,6,1
25,2,7,1
25,2,8,0
25,2,9,0
25,2,10,1
25,2,11,0
25,2,12,0
25,2,13,1
25,2,14,1
25,2,15,0
25,2,16,0
25,2,17,0
25,2,18,0
25,2,19,1
25,2,20,0
25,2,21,0
25,2,22,0
25,2,23,0
25,2,24,1
25,2,25,1
25,2,26,1
25,2,27,0
25,2,28,0
25,2,29,0
25,2,30,0
25,2,31,1
25,2,32,1
25,2,33,0
25,2,34,1
25,2,35,0
25,2,36,0
25,2,37,0
25,2,38,0
25,2,39,0
25,2,40,0
25,2,41,0
25,2,42,0
25,2,43,1
25,2,44,0
25,2,45,0
25,2,46,0
25,2,47,0
25,2,48,0
25,2,49,0
25,2,50,0
25,2,51,0
25,2,52,1
25,2,53,1
25,2,54,0
25,2,55,1
25,2,56,0
25,2,57,0
25,2,58,1
25,2,59,0
25,2,60,1
25,2,61,1
25,2,62,1
25,2,63,1
25,2,64,0
25,2,65,0
25,2,66,0
25,2,67,1
25,2,68,0
25,2,69,0
25,2,70,0
25,2,71,0
25,2,72,0
25,2,73,0
25,2,74,1
25,2,75,0
25,2,76,1
25,2,77,1
25,2,78,0
25,2,79,1
25,2,80,1
25,2,81,1
25,2,82,1
25,2,83,0
25,2,84,0
25,2,85,1
25,2,86,1
25,2,87,1
25,2,88,1
25,2,89,0
25,2,90,1
25,2,91,0
25,2,92,0
25,2,93,1
25,2,94,0
25,2,95,0
25,2,96,0
25,2,97,0
25,2,98,0
25,2,99,0
25,2,100,0
26,1,1,0
26,1,2,1
26,1,3,1
26,1,4,1
26,1,5,1
26,1,6,0
26,1,7,1
26,1,8,0
26,1,9,0
26,1,10,0
26,1,11,1
26,1,12,1
26,1,13,0
26,1,14,0
26,1,15,0
26,1,16,1
26,1,17,0
26,1,18,1
26,1,19,0
26,1,20,1
26,1,21,0
26,1,22,1
26,1,23,1
26,1,24,0
26,1,25,1
26,1,26,1
26,1,27,1
26,1,28,1
26,1,29,0
26,1,30,1
26,1,31,0
26,1,32,1
26,1,33,1
26,1,34,0
26,1,35,0
26,1,36,0
26,1,37,1
26,1,38,1
26,1,39,0
26,1,40,0
26,1,41,1
26,1,42,1
26,1,43,0
26,1,44,0
26,1,45,0
26,1,46,1
26,1,47,1
26,1,48,1
26,1,49,1
26,1,50,0
26,1,51,1
26,1,52,0
26,1,53,1
26,1,54,1
26,1,55,1
26,1,56,0
26,1,57,0
26,1,58,1
26,1,59,0
26,1,60,1
26,1,61,1
26,1,62,0
26,1,63,0
26,1,64,1
26,1,65,1
26,1,66,1
26,1,67,1
26,1,68,1
26,1,69,1
26,1,70,1
26,1,71,1
26,1,72,0
26,1,73,0
26,1,74,1
26,1,75,0
26,1,76,0
26,1,77,1
26,1,78,1
26,1,79,1
26,1,80,0
26,1,81,1
26,1,82,0
26,1,83,1
26,1,84,0
26,1,85,1
26,1,86,0
26,1,87,0
26,1,88,1
26,1,89,0
26,1,90,1
26,1,91,1
26,1,92,1
26,1,93,0
26,1,94,1
26,1,95,1
26,1,96,0
26,1,97,0
26,1,98,1
26,1,99,1
26,1,100,0
26,2,1,0
26,2,2,0
26,2,3,1
26,2,4,0
26,2,5,0
26,2,6,1
26,2,7,0
26,2,8,0
26,2,9,0
26,2,10,0
26,2,11,0
26,2,12,0
26,2,13,0
26,2,14,0
26,2,15,1
26,2,16,1
26,2,17,0
26,2,18,0
26,2,19,0
26,2,20,0
26,2,21,0
26,2,22,1
26,2,23,1
26,2,24,0
26,2,25,1
26,2,26,1
26,2,27,0
26,2,28,0
26,2,29,1
26,2,30,1
26,2,31,0
26,2,32,1
26,2,33,0
26,2,34,0
26,2,35,0
26,2,36,1
26,2,37,0
26,2,38,1
26,2,39,0
26,2,40,1
26,2,41,0
26,2,42,1
26,2,43,0
26,2,44,1
26,2,45,0
26,2,46,1
26,2,47,0
26,2,48,0
26,2,49,0
26,2,50,0
26,2,51,0
26,2,52,0
26,2,53,1
26,2,54,0
26,2,55,1
26,2,56,0
26,2,57,1
26,2,58,0
26,2,59,1
26,2,60,0
26,2,61,1
26,2,62,0
26,2,63,0
26,2,64,0
26,2,65,1
26,2,66,1
26,2,67,1
26,2,68,0
26,2,69,1
26,2,70,0
26,2,71,1
26,2,72,0
26,2,73,0
26,2,74,0
26,2,75,0
26,2,76,1
26,2,77,1
26,2,78,1
26,2,79,1
26,2,80,1
26,2,81,0
26,2,82,0
26,2,83,0
26,2,84,0
26,2,85,0
26,2,86,0
26,2,87,0
26,2,88,0
26,2,89,0
26,2,90,1
26,2,91,0
26,2,92,0
26,2,93,0
26,2,94,1
26,2,95,1
26,2,96,1
26,2,97,1
26,2,98,0
26,2,99,0
26,2,100,0
27,1,1,0
27,1,2,1
27,1,3,0
27,1,4,1
27,1,5,1
27,1,6,1
27,1,7,0
27,1,8,0
27,1,9,0
27,1,10,0
27,1,11,1
27,1,12,1
27,1,13,1
27,1,14,1
27,1,15,0
27,1,16,1
27,1,17,1
27,1,18,1
27,1,19,0
27,1,20,1
27,1,21,1
27,1,22,1
27,1,23,1
27,1,24,0
27,1,25,1
27,1,26,1
27,1,27,1
27,1,28,1
27,1,29,1
27,1,30,1
27,1,31,1
27,1,32,1
27,1,33,1
27,1,34,0
27,1,35,1
27,1,36,1
27,1,37,0
27,1,38,0
27,1,39,0
27,1,40,0
27,1,41,1
27,1,42,0
27,1,43,0
27,1,44,1
27,1,45,0
27,1,46,0
27,1,47,1
27,1,48,0
27,1,49,1
27,1,50,1
27,1,51,1
27,1,52,1
27,1,53,1
27,1,54,1
27,1,55,1
27,1,56,0
27,1,57,1
27,1,58,0
27,1,59,1
27,1,60,0
27,1,61,0
27,1,62,1
27,1,63,0
27,1,64,1
27,1,65,0
27,1,66,0
27,1,67,0
27,1,68,0
27,1,69,0
27,1,70,1
27,1,71,0
27,1,72,1
27,1,73,1
27,1,74,1
27,1,75,1
27,1,76,0
27,1,77,1
27,1,78,1
27,1,79,1
27,1,80,1
27,1,81,0
27,1,82,1
27,1,83,1
27,1,84,0
27,1,85,0
27,1,86,0
27,1,87,0
27,1,88,1
27,1,89,0
27,1,90,1
27,1,91,1
27,1,92,0
27,1,93,1
27,1,94,0
27,1,95,1
27,1,96,0
27,1,97,0
27,1,98,0
27,1,99,1
27,1,100,1
27,2,1,1
27,2,2,1
27,2,3,0
27,2,4,1
27,2,5,1
27,2,6,1
27,2,7,0
27,2,8,0
27,2,9,0
27,2,10,1
27,2,11,0
27,2,12,0
27,2,13,1
27,2,14,1
27,2,15,0
27,2,16,0
27,2,17,0
27,2,18,0
27,2,19,0
27,2,20,0
27,2,21,0
27,2,22,0
27,2,23,0
27,2,24,1
27,2,25,0
27,2,26,1
27,2,27,1
27,2,28,1
27,2,29,1
27,2,30,1
27,2,31,1
27,2,32,1
27,2,33,0
27,2,34,0
27,2,35,0
27,2,36,0
27,2,37,0
27,2,38,0
27,2,39,1
27,2,40,0
27,2,41,0
27,2,42,0
27,2,43,0
27,2,44,1
27,2,45,0
27,2,46,0
27,2,47,0
27,2,48,1
27,2,49,0
27,2,50,1
27,2,51,0
27,2,52,0
27,2,53,0
27,2,54,0
27,2,55,0
27,2,56,1
27,2,57,0
27,2,58,0
27,2,59,1
27,2,60,0
27,2,61,0
27,2,62,1
27,2,63,0
27,2,64,0
27,2,65,0
27,2,66,1
27,2,67,0
27,2,68,1
27,2,69,0
27,2,70,0
27,2,71,1
27,2,72,1
27,2,73,1
27,2,74,0
27,2,75,1
27,2,76,1
27,2,77,1
27,2,78,0
27,2,79,1
27,2,80,0
27,2,81,0
27,2,82,1
27,2,83,0
27,2,84,0
27,2,85,0
27,2,86,0
27,2,87,0
27,2,88,1
27,2,89,0
27,2,90,1
27,2,91,0
27,2,92,0
27,2,93,0
27,2,94,1
27,2,95,0
27,2,96,0
27,2,97,1
27,2,98,0
27,2,99,1
27,2,100,1
28,1,1,0
28,1,2,1
28,1,3,1
28,1,4,0
28,1,5,0
28,1,6,0
28,1,7,0
28,1,8,0
28,1,9,0
28,1,10,0
28,1,11,1
28,1,12,0
28,1,13,0
28,1,14,0
28,1,15,0
28,1,16,0
28,1,17,0
28,1,18,0
28,1,19,0
28,1,20,0
28,1,21,0
28,1,22,1
28,1,23,0
28,1,24,1
28,1,25,1
28,1,26,0
28,1,27,1
28,1,28,1
28,1,29,0
28,1,30,0
28,1,31,1
28,1,32,1
28,1,33,1
28,1,34,1
28,1,35,0
28,1,36,1
28,1,37,0
28,1,38,0
28,1,39,0
28,1,40,1
28,1,41,0
28,1,42,1
28,1,43,0
28,1,44,1
28,1,45,1
28,1,46,0
28,1,47,1
28,1,48,1
28,1,49,1
28,1,50,1
28,1,51,0
28,1,52,1
28,1,53,1
28,1,54,0
28,1,55,0
28,1,56,0
28,1,57,0
28,1,58,1
28,1,59,0
28,1,60,1
28,1,61,0
28,1,62,1
28,1,63,0
28,1,64,0
28,1,65,1
28,1,66,0
28,1,67,0
28,1,68,0
28,1,69,1
28,1,70,0
28,1,71,0
28,1,72,1
28,1,73,1
28,1,74,0
28,1,75,0
28,1,76,0
28,1,77,0
28,1,78,0
28,1,79,0
28,1,80,1
28,1,81,0
28,1,82,1
28,1,83,0
28,1,84,0
28,1,85,1
28,1,86,0
28,1,87,0
28,1,88,1
28,1,89,1
28,1,90,1
28,1,91,0
28,1,92,0
28,1,93,1
28,1,94,0
28,1,95,0
28,1,96,1
28,1,97,1
28,1,98,1
28,1,99,0
28,1,100,1
28,2,1,1
28,2,2,0
28,2,3,1
28,2,4,0
28,2,5,0
28,2,6,1
28,2,7,0
28,2,8,1
28,2,9,0
28,2,10,0
28,2,11,0
28,2,12,1
28,2,13,1
28,2,14,0
28,2,15,1
28,2,16,0
28,2,17,1
28,2,18,1
28,2,19,1
28,2,20,0
28,2,21,1
28,2,22,0
28,2,23,0
28,2,24,0
28,2,25,0
28,2,26,0
28,2,27,1
28,2,28,1
28,2,29,0
28,2,30,1
28,2,31,1
28,2,32,0
28,2,33,1
28,2,34,0
28,2,35,0
28,2,36,0
28,2,37,0
28,2,38,1
28,2,39,0
28,2,40,0
28,2,41,0
28,2,42,0
28,2,43,0
28,2,44,0
28,2,45,0
28,2,46,0
28,2,47,0
28,2,48,0
28,2,49,0
28,2,50,0
28,2,51,0
28,2,52,0
28,2,53,1
28,2,54,1
28,2,55,1
28,2,56,1
28,2,57,1
28,2,58,0
28,2,59,0
28,2,60,0
28,2,61,1
28,2,62,1
28,2,63,1
28,2,64,0
28,2,65,0
28,2,66,1
28,2,67,0
28,2,68,1
28,2,69,0
28,2,70,0
28,2,71,0
28,2,72,1
28,2,73,1
28,2,74,1
28,2,75,0
28,2,76,0
28,2,77,1
28,2,78,0
28,2,79,0
28,2,80,1
28,2,81,1
28,2,82,0
28,2,83,0
28,2,84,0
28,2,85,0
28,2,86,0
28,2,87,1
28,2,88,1
28,2,89,0
28,2,90,0
28,2,91,1
28,2,92,1
28,2,93,0
28,2,94,0
28,2,95,0
28,2,96,1
28,2,97,0
28,2,98,1
28,2,99,0
28,2,100,0
29,1,1,0
29,1,2,1
29,1,3,1
29,1,4,0
29,1,5,1
29,1,6,1
29,1,7,0
29,1,8,1
29,1,9,0
29,1,10,0
29,1,11,0
29,1,12,1
29,1,13,0
29,1,14,1
29,1,15,0
29,1,16,0
29,1,17,0
29,1,18,0
29,1,19,1
29,1,20,0
29,1,21,0
29,1,22,1
29,1,23,1
29,1,24,0
29,1,25,0
29,1,26,1
29,1,27,1
29,1,28,0
29,1,29,1
29,1,30,0
29,1,31,0
29,1,32,0
29,1,33,1
29,1,34,1
29,1,35,0
29,1,36,0
29,1,37,0
29,1,38,0
29,1,39,0
29,1,40,1
29,1,41,0
29,1,42,1
29,1,43,1
29,1,44,1
29,1,45,0
29,1,46,0
29,1,47,0
29,1,48,0
29,1,49,1
29,1,50,0
29,1,51,0
29,1,52,0
29,1,53,1
29,1,54,1
29,1,55,1
29,1,56,1
29,1,57,1
29,1,58,1
29,1,59,0
29,1,60,0
29,1,61,0
29,1,62,1
29,1,63,0
29,1,64,0
29,1,65,1
29,1,66,0
29,1,67,1
29,1,68,0
29,1,69,0
29,1,70,1
29,1,71,1
29,1,72,0
29,1,73,0
29,1,74,0
29,1,75,1
29,1,76,0
29,1,77,0
29,1,78,1
29,1,79,1
29,1,80,0
29,1,81,0
29,1,82,0
29,1,83,1
29,1,84,0
29,1,85,0
29,1,86,1
29,1,87,0
29,1,88,1
29,1,89,1
29,1,90,1
29,1,91,0
29,1,92,0
29,1,93,1
29,1,94,1
29,1,95,1
29,1,96,0
29,1,97,1
29,1,98,0
29,1,99,1
29,1,100,1
29,2,1,1
29,2,2,1
29,2,3,0
29,2,4,0
29,2,5,1
29,2,6,0
29,2,7,1
29,2,8,1
29,2,9,1
29,2,10,0
29,2,11,0
29,2,12,0
29,2,13,1
29,2,14,0
29,2,15,0
29,2,16,0
29,2,17,0
29,2,18,0
29,2,19,0
29,2,20,0
29,2,21,0
29,2,22,1
29,2,23,0
29,2,24,0
29,2,25,0
29,2,26,0
29,2,27,0
29,2,28,0
29,2,29,1
29,2,30,1
29,2,31,0
29,2,32,1
29,2,33,1
29,2,34,1
29,2,35,0
29,2,36,1
29,2,37,1
29,2,38,1
29,2,39,0
29,2,40,0
29,2,41,0
29,2,42,1
29,2,43,0
29,2,44,1
29,2,45,0
29,2,46,0
29,2,47,0
29,2,48,1
29,2,49,1
29,2,50,1
29,2,51,0
29,2,52,0
29,2,53,1
29,2,54,0
29,2,55,1
29,2,56,1
29,2,57,1
29,2,58,1
29,2,59,1
29,2,60,0
29,2,61,1
29,2,62,0
29,2,63,1
29,2,64,0
29,2,65,0
29,2,66,1
29,2,67,1
29,2,68,1
29,2,69,0
29,2,70,0
29,2,71,1
29,2,72,0
29,2,73,1
29,2,74,0
29,2,75,1
29,2,76,0
29,2,77,1
29,2,78,1
29,2,79,1
29,2,80,1
29,2,81,1
29,2,82,0
29,2,83,0
29,2,84,0
29,2,85,1
29,2,86,1
29,2,87,0
29,2,88,0
29,2,89,0
29,2,90,1
29,2,91,1
29,2,92,0
29,2,93,1
29,2,94,1
29,2,95,0
29,2,96,0
29,2,97,1
29,2,98,0
29,2,99,0
29,2,100,0
30,1,1,0
30,1,2,1
30,1,3,0
30,1,4,1
30,1,5,0
30,1,6,1
30,1,7,1
30,1,8,1
30,1,9,1
30,1,10,1
30,1,11,0
30,1,12,0
30,1,13,0
30,1,14,1
30,1,15,0
30,1,16,0
30,1,17,1
30,1,18,1
30,1,19,1
30,1,20,1
30,1,21,0
30,1,22,1
30,1,23,1
30,1,24,0
30,1,25,1
30,1,26,0
30,1,27,1
30,1,28,1
30,1,29,1
30,1,30,0
30,1,31,1
30,1,32,1
30,1,33,1
30,1,34,0
30,1,35,0
30,1,36,0
30,1,37,0
30,1,38,0
30,1,39,1
30,1,40,0
30,1,41,0
30,1,42,0
30,1,43,0
30,1,44,1
30,1,45,1
30,1,46,1
30,1,47,1
30,1,48,0
30,1,49,1
30,1,50,0
30,1,51,1
30,1,52,0
30,1,53,0
30,1,54,1
30,1,55,0
30,1,56,1
30,1,57,1
30,1,58,0
30,1,59,1
30,1,60,0
30,1,61,0
30,1,62,1
30,1,63,0
30,1,64,1
30,1,65,0
30,1,66,1
30,1,67,1
30,1,68,1
30,1,69,0
30,1,70,0
30,1,71,1
30,1,72,0
30,1,73,1
30,1,74,1
30,1,75,1
30,1,76,1
30,1,77,1
30,1,78,1
30,1,79,1
30,1,80,1
30,1,81,1
30,1,82,0
30,1,83,1
30,1,84,0
30,1,85,0
30,1,86,1
30,1,87,0
30,1,88,0
30,1,89,1
30,1,90,1
30,1,91,0
30,1,92,0
30,1,93,1
30,1,94,1
30,1,95,1
30,1,96,1
30,1,97,0
30,1,98,0
30,1,99,0
30,1,100,0
30,2,1,0
30,2,2,0
30,2,3,1
30,2,4,0
30,2,5,0
30,2,6,1
30,2,7,0
30,2,8,0
30,2,9,1
30,2,10,0
30,2,11,0
30,2,12,1
30,2,13,1
30,2,14,1
30,2,15,1
30,2,16,1
30,2,17,0
30,2,18,1
30,2,19,1
30,2,20,1
30,2,21,0
30,2,22,0
30,2,23,0
30,2,24,1
30,2,25,0
30,2,26,0
30,2,27,0
30,2,28,0
30,2,29,1
30,2,30,0
30,2,31,0
30,2,32,0
30,2,33,0
30,2,34,1
30,2,35,1
30,2,36,0
30,2,37,0
30,2,38,0
30,2,39,0
30,2,40,0
30,2,41,0
30,2,42,1
30,2,43,0
30,2,44,0
30,2,45,1
30,2,46,0
30,2,47,1
30,2,48,1
30,2,49,0
30,2,50,0
30,2,51,0
30,2,52,1
30,2,53,0
30,2,54,1
30,2,55,0
30,2,56,1
30,2,57,0
30,2,58,0
30,2,59,0
30,2,60,0
30,2,61,0
30,2,62,0
30,2,63,1
30,2,64,0
30,2,65,0
30,2,66,0
30,2,67,1
30,2,68,0
30,2,69,0
30,2,70,1
30,2,71,0
30,2,72,0
30,2,73,1
30,2,74,0
30,2,75,1
30,2,76,0
30,2,77,0
30,2,78,1
30,2,79,1
30,2,80,0
30,2,81,0
30,2,82,1
30,2,83,0
30,2,84,1
30,2,85,0
30,2,86,1
30,2,87,1
30,2,88,0
30,2,89,1
30,2,90,0
30,2,91,1
30,2,92,0
30,2,93,0
30,2,94,1
30,2,95,1
30,2,96,0
30,2,97,1
30,2,98,0
30,2,99,0
30,2,100,1
31,1,1,0
31,1,2,1
31,1,3,1
31,1,4,0
31,1,5,0
31,1,6,1
31,1,7,0
31,1,8,1
31,1,9,1
31,1,10,0
31,1,11,0
31,1,12,1
31,1,13,1
31,1,14,0
31,1,15,1
31,1,16,0
31,1,17,0
31,1,18,0
31,1,19,0
31,1,20,1
31,1,21,1
31,1,22,0
31,1,23,1
31,1,24,1
31,1,25,1
31,1,26,1
31,1,27,1
31,1,28,0
31,1,29,0
31,1,30,0
31,1,31,1
31,1,32,0
31,1,33,1
31,1,34,1
31,1,35,1
31,1,36,0
31,1,37,0
31,1,38,0
31,1,39,0
31,1,40,1
31,1,41,1
31,1,42,1
31,1,43,1
31,1,44,0
31,1,45,0
31,1,46,0
31,1,47,1
31,1,48,1
31,1,49,1
31,1,50,0
31,1,51,1
31,1,52,1
31,1,53,1
31,1,54,1
31,1,55,0
31,1,56,1
31,1,57,1
31,1,58,1
31,1,59,1
31,1,60,1
31,1,61,1
31,1,62,1
31,1,63,1
31,1,64,0
31,1,65,0
31,1,66,1
31,1,67,1
31,1,68,0
31,1,69,1
31,1,70,1
31,1,71,1
31,1,72,1
31,1,73,1
31,1,74,1
31,1,75,0
31,1,76,0
31,1,77,1
31,1,78,1
31,1,79,1
31,1,80,1
31,1,81,0
31,1,82,0
31,1,83,1
31,1,84,0
31,1,85,0
31,1,86,0
31,1,87,0
31,1,88,1
31,1,89,1
31,1,90,0
31,1,91,0
31,1,92,0
31,1,93,1
31,1,94,0
31,1,95,0
31,1,96,1
31,1,97,0
31,1,98,1
31,1,99,1
31,1,100,1
31,2,1,0
31,2,2,0
31,2,3,0
31,2,4,0
31,2,5,1
31,2,6,0
31,2,7,1
31,2,8,0
31,2,9,1
31,2,10,0
31,2,11,0
31,2,12,1
31,2,13,0
31,2,14,1
31,2,15,1
31,2,16,1
31,2,17,0
31,2,18,0
31,2,19,0
31,2,20,1
31,2,21,1
31,2,22,0
31,2,23,1
31,2,24,0
31,2,25,0
31,2,26,1
31,2,27,1
31,2,28,0
31,2,29,1
31,2,30,1
31,2,31,0
31,2,32,0
31,2,33,0
31,2,34,1
31,2,35,1
31,2,36,0
31,2,37,1
31,2,38,0
31,2,39,0
31,2,40,1
31,2,41,1
31,2,42,0
31,2,43,1
31,2,44,1
31,2,45,0
31,2,46,0
31,2,47,0
31,2,48,1
31,2,49,0
31,2,50,0
31,2,51,1
31,2,52,0
31,2,53,0
31,2,54,1
31,2,55,1
31,2,56,1
31,2,57,0
31,2,58,0
31,2,59,1
31,2,60,1
31,2,61,0
31,2,62,0
31,2,63,0
31,2,64,0
31,2,65,0
31,2,66,0
31,2,67,1
31,2,68,0
31,2,69,0
31,2,70,0
31,2,71,0
31,2,72,0
31,2,73,1
31,2,74,1
31,2,75,0
31,2,76,1
31,2,77,0
31,2,78,1
31,2,79,0
31,2,80,1
31,2,81,1
31,2,82,0
31,2,83,0
31,2,84,1
31,2,85,1
31,2,86,0
31,2,87,1
31,2,88,1
31,2,89,1
31,2,90,0
31,2,91,0
31,2,92,1
31,2,93,0
31,2,94,1
31,2,95,1
31,2,96,1
31,2,97,1
31,2,98,0
31,2,99,1
31,2,100,0
32,1,1,1
32,1,2,0
32,1,3,0
32,1,4,1
32,1,5,0
32,1,6,0
32,1,7,1
32,1,8,1
32,1,9,1
32,1,10,0
32,1,11,1
32,1,12,1
32,1,13,0
32,1,14,0
32,1,15,0
32,1,16,1
32,1,17,0
32,1,18,1
32,1,19,0
32,1,20,0
32,1,21,1
32,1,22,0
32,1,23,1
32,1,24,0
32,1,25,0
32,1,26,1
32,1,27,1
32,1,28,0
32,1,29,0
32,1,30,0
32,1,31,0
32,1,32,1
32,1,33,1
32,1,34,0
32,1,35,0
32,1,36,1
32,1,37,1
32,1,38,0
32,1,39,0
32,1,40,1
32,1,41,0
32,1,42,0
32,1,43,0
32,1,44,1
32,1,45,1
32,1,46,0
32,1,47,0
32,1,48,0
32,1,49,0
32,1,50,1
32,1,51,0
32,1,52,1
32,1,53,1
32,1,54,1
32,1,55,0
32,1,56,1
32,1,57,0
32,1,58,0
32,1,59,0
32,1,60,1
32,1,61,1
32,1,62,1
32,1,63,0
32,1,64,1
32,1,65,1
32,1,66,0
32,1,67,1
32,1,68,0
32,1,69,1
32,1,70,1
32,1,71,0
32,1,72,1
32,1,73,0
32,1,74,1
32,1,75,0
32,1,76,0
32,1,77,1
32,1,78,1
32,1,79,0
32,1,80,1
32,1,81,1
32,1,82,0
32,1,83,0
32,1,84,1
32,1,85,1
32,1,86,0
32,1,87,1
32,1,88,1
32,1,89,0
32,1,90,1
32,1,91,1
32,1,92,1
32,1,93,0
32,1,94,0
32,1,95,1
32,1,96,1
32,1,97,1
32,1,98,0
32,1,99,1
32,1,100,0
32,2,1,1
32,2,2,1
32,2,3,1
32,2,4,1
32,2,5,0
32,2,6,0
32,2,7,1
32,2,8,0
32,2,9,0
32,2,10,0
32,2,11,1
32,2,12,0
32,2,13,1
32,2,14,1
32,2,15,0
32,2,16,0
32,2,17,0
32,2,18,1
32,2,19,0
32,2,20,1
32,2,21,0
32,2,22,0
32,2,23,0
32,2,24,0
32,2,25,0
32,2,26,0
32,2,27,0
32,2,28,0
32,2,29,0
32,2,30,0
32,2,31,1
32,2,32,0
32,2,33,1
32,2,34,1
32,2,35,1
32,2,36,0
32,2,37,0
32,2,38,1
32,2,39,0
32,2,40,1
32,2,41,0
32,2,42,1
32,2,43,1
32,2,44,0
32,2,45,1
32,2,46,1
32,2,47,1
32,2,48,1
32,2,49,1
32,2,50,1
32,2,51,0
32,2,52,1
32,2,53,1
32,2,54,1
32,2,55,1
32,2,56,1
32,2,57,0
32,2,58,0
32,2,59,1
32,2,60,0
32,2,61,1
32,2,62,0
32,2,63,0
32,2,64,0
32,2,65,1
32,2,66,0
32,2,67,0
32,2,68,0
32,2,69,1
32,2,70,0
32,2,71,0
32,2,72,1
32,2,73,0
32,2,74,1
32,2,75,1
32,2,76,0
32,2,77,0
32,2,78,1
32,2,79,0
32,2,80,0
32,2,81,1
32,2,82,0
32,2,83,1
32,2,84,0
32,2,85,0
32,2,86,1
32,2,87,1
32,2,88,0
32,2,89,0
32,2,90,0
32,2,91,0
32,2,92,0
32,2,93,1
32,2,94,0
32,2,95,0
32,2,96,0
32,2,97,0
32,2,98,0
32,2,99,1
32,2,100,1
33,1,1,1
33,1,2,0
33,1,3,0
33,1,4,1
33,1,5,1
33,1,6,0
33,1,7,1
33,1,8,0
33,1,9,0
33,1,10,0
33,1,11,1
33,1,12,1
33,1,13,1
33,1,14,0
33,1,15,1
33,1,16,1
33,1,17,0
33,1,18,1
33,1,19,0
33,1,20,1
33,1,21,1
33,1,22,0
33,1,23,1
33,1,24,0
33,1,25,1
33,1,26,1
33,1,27,0
33,1,28,0
33,1,29,0
33,1,30,1
33,1,31,1
33,1,32,0
33,1,33,0
33,1,34,1
33,1,35,0
33,1,36,0
33,1,37,1
33,1,38,0
33,1,39,1
33,1,40,1
33,1,41,1
33,1,42,1
33,1,43,1
33,1,44,0
33,1,45,1
33,1,46,1
33,1,47,1
33,1,48,0
33,1,49,0
33,1,50,0
33,1,51,0
33,1,52,1
33,1,53,1
33,1,54,1
33,1,55,1
33,1,56,1
33,1,57,0
33,1,58,0
33,1,59,0
33,1,60,0
33,1,61,0
33,1,62,0
33,1,63,1
33,1,64,0
33,1,65,1
33,1,66,0
33,1,67,1
33,1,68,1
33,1,69,1
33,1,70,1
33,1,71,0
33,1,72,0
33,1,73,1
33,1,74,1
33,1,75,0
33,1,76,1
33,1,77,0
33,1,78,1
33,1,79,0
33,1,80,1
33,1,81,1
33,1,82,1
33,1,83,1
33,1,84,1
33,1,85,0
33,1,86,1
33,1,87,1
33,1,88,0
33,1,89,1
33,1,90,1
33,1,91,1
33,1,92,0
33,1,93,1
33,1,94,0
33,1,95,0
33,1,96,0
33,1,97,0
33,1,98,0
33,1,99,0
33,1,100,1
33,2,1,1
33,2,2,0
33,2,3,0
33,2,4,0
33,2,5,1
33,2,6,0
33,2,7,0
33,2,8,0
33,2,9,0
33,2,10,0
33,2,11,0
33,2,12,0
33,2,13,0
33,2,14,0
33,2,15,1
33,2,16,1
33,2,17,1
33,2,18,0
33,2,19,0
33,2,20,1
33,2,21,0
33,2,22,0
33,2,23,1
33,2,24,1
33,2,25,1
33,2,26,0
33,2,27,1
33,2,28,0
33,2,29,1
33,2,30,0
33,2,31,1
33,2,32,0
33,2,33,1
33,2,34,0
33,2,35,0
33,2,36,0
33,2,37,0
33,2,38,0
33,2,39,1
33,2,40,1
33,2,41,1
33,2,42,0
33,2,43,0
33,2,44,0
33,2,45,0
33,2,46,1
33,2,47,1
33,2,48,0
33,2,49,0
33,2,50,1
33,2,51,1
33,2,52,0
33,2,53,0
33,2,54,0
33,2,55,1
33,2,56,1
33,2,57,1
33,2,58,1
33,2,59,0
33,2,60,1
33,2,61,0
33,2,62,0
33,2,63,1
33,2,64,0
33,2,65,1
33,2,66,0
33,2,67,0
33,2,68,0
33,2,69,0
33,2,70,0
33,2,71,0
33,2,72,1
33,2,73,0
33,2,74,1
33,2,75,0
33,2,76,1
33,2,77,1
33,2,78,1
33,2,79,0
33,2,80,0
33,2,81,0
33,2,82,0
33,2,83,0
33,2,84,0
33,2,85,0
33,2,86,1
33,2,87,0
33,2,88,1
33,2,89,0
33,2,90,0
33,2,91,0
33,2,92,0
33,2,93,1
33,2,94,0
33,2,95,0
33,2,96,0
33,2,97,0
33,2,98,1
33,2,99,0
33,2,100,0
34,1,1,0
34,1,2,1
34,1,3,0
34,1,4,0
34,1,5,0
34,1,6,1
34,1,7,0
34,1,8,0
34,1,9,1
34,1,10,0
34,1,11,0
34,1,12,0
34,1,13,1
34,1,14,1
34,1,15,1
34,1,16,1
34,1,17,0
34,1,18,0
34,1,19,1
34,1,20,0
34,1,21,1
34,1,22,0
34,1,23,0
34,1,24,1
34,1,25,1
34,1,26,0
34,1,27,1
34,1,28,0
34,1,29,1
34,1,30,0
34,1,31,1
34,1,32,1
34,1,33,1
34,1,34,0
34,1,35,1
34,1,36,1
34,1,37,0
34,1,38,0
34,1,39,0
34,1,40,0
34,1,41,1
34,1,42,1
34,1,43,1
34,1,44,1
34,1,45,0
34,1,46,0
34,1,47,0
34,1,48,0
34,1,49,1
34,1,50,0
34,1,51,1
34,1,52,0
34,1,53,0
34,1,54,0
34,1,55,1
34,1,56,1
34,1,57,0
34,1,58,0
34,1,59,1
34,1,60,1
34,1,61,0
34,1,62,1
34,1,63,0
34,1,64,1
34,1,65,0
34,1,66,0
34,1,67,0
34,1,68,1
34,1,69,1
34,1,70,0
34,1,71,0
34,1,72,1
34,1,73,1
34,1,74,0
34,1,75,1
34,1,76,1
34,1,77,1
34,1,78,0
34,1,79,1
34,1,80,0
34,1,81,0
34,1,82,0
34,1,83,1
34,1,84,0
34,1,85,0
34,1,86,0
34,1,87,1
34,1,88,1
34,1,89,1
34,1,90,1
34,1,91,0
34,1,92,1
34,1,93,0
34,1,94,0
34,1,95,1
34,1,96,1
34,1,97,1
34,1,98,1
34,1,99,0
34,1,100,0
34,2,1,1
34,2,2,0
34,2,3,0
34,2,4,1
34,2,5,0
34,2,6,1
34,2,7,1
34,2,8,0
34,2,9,1
34,2,10,0
34,2,11,0
34,2,12,0
34,2,13,0
34,2,14,1
34,2,15,1
34,2,16,1
34,2,17,1
34,2,18,0
34,2,19,1
34,2,20,0
34,2,21,1
34,2,22,0
34,2,23,1
34,2,24,1
34,2,25,0
34,2,26,1
34,2,27,1
34,2,28,1
34,2,29,1
34,2,30,1
34,2,31,1
34,2,32,1
34,2,33,1
34,2,34,1
34,2,35,0
34,2,36,1
34,2,37,0
34,2,38,0
34,2,39,1
34,2,40,0
34,2,41,0
34,2,42,1
34,2,43,0
34,2,44,1
34,2,45,0
34,2,46,0
34,2,47,0
34,2,48,1
34,2,49,1
34,2,50,1
34,2,51,0
34,2,52,0
34,2,53,0
34,2,54,0
34,2,55,1
34,2,56,0
34,2,57,1
34,2,58,0
34,2,59,0
34,2,60,1
34,2,61,1
34,2,62,0
34,2,63,0
34,2,64,0
34,2,65,0
34,2,66,0
34,2,67,0
34,2,68,1
34,2,69,1
34,2,70,0
34,2,71,0
34,2,72,0
34,2,73,1
34,2,74,0
34,2,75,0
34,2,76,1
34,2,77,0
34,2,78,1
34,2,79,1
34,2,80,1
34,2,81,0
34,2,82,1
34,2,83,1
34,2,84,0
34,2,85,0
34,2,86,0
34,2,87,0
34,2,88,0
34,2,89,1
34,2,90,0
34,2,91,0
34,2,92,0
34,2,93,1
34,2,94,1
34,2,95,1
34,2,96,1
34,2,97,0
34,2,98,1
34,2,99,0
34,2,100,1
35,1,1,0
35,1,2,0
35,1,3,0
35,1,4,1
35,1,5,0
35,1,6,0
35,1,7,0
35,1,8,1
35,1,9,0
35,1,10,0
35,1,11,0
35,1,12,1
35,1,13,1
35,1,14,0
35,1,15,0
35,1,16,0
35,1,17,1
35,1,18,0
35,1,19,1
35,1,20,0
35,1,21,1
35,1,22,1
35,1,23,1
35,1,24,0
35,1,25,0
35,1,26,0
35,1,27,1
35,1,28,0
35,1,29,0
35,1,30,0
35,1,31,0
35,1,32,0
35,1,33,0
35,1,34,1
35,1,35,0
35,1,36,0
35,1,37,0
35,1,38,0
35,1,39,0
35,1,40,1
35,1,41,0
35,1,42,0
35,1,43,0
35,1,44,0
35,1,45,0
35,1,46,0
35,1,47,1
35,1,48,0
35,1,49,0
35,1,50,1
35,1,51,1
35,1,52,0
35,1,53,0
35,1,54,0
35,1,55,1
35,1,56,1
35,1,57,1
35,1,58,1
35,1,59,0
35,1,60,1
35,1,61,0
35,1,62,1
35,1,63,0
35,1,64,0
35,1,65,1
35,1,66,0
35,1,67,1
35,1,68,0
35,1,69,1
35,1,70,1
35,1,71,0
35,1,72,0
35,1,73,0
35,1,74,1
35,1,75,1
35,1,76,1
35,1,77,1
35,1,78,1
35,1,79,1
35,1,80,1
35,1,81,0
35,1,82,0
35,1,83,1
35,1,84,1
35,1,85,1
35,1,86,1
35,1,87,1
35,1,88,0
35,1,89,0
35,1,90,1
35,1,91,0
35,1,92,0
35,1,93,0
35,1,94,1
35,1,95,0
35,1,96,1
35,1,97,0
35,1,98,1
35,1,99,0
35,1,100,1
35,2,1,0
35,2,2,1
35,2,3,0
35,2,4,0
35,2,5,0
35,2,6,0
35,2,7,0
35,2,8,0
35,2,9,1
35,2,10,0
35,2,11,1
35,2,12,0
35,2,13,0
35,2,14,0
35,2,15,1
35,2,16,1
35,2,17,0
35,2,18,0
35,2,19,1
35,2,20,1
35,2,21,0
35,2,22,0
35,2,23,0
35,2,24,1
35,2,25,0
35,2,26,1
35,2,27,1
35,2,28,1
35,2,29,0
35,2,30,1
35,2,31,0
35,2,32,1
35,2,33,0
35,2,34,1
35,2,35,1
35,2,36,0
35,2,37,1
35,2,38,1
35,2,39,0
35,2,40,0
35,2,41,1
35,2,42,0
35,2,43,0
35,2,44,1
35,2,45,0
35,2,46,0
35,2,47,0
35,2,48,1
35,2,49,0
35,2,50,1
35,2,51,0
35,2,52,0
35,2,53,0
35,2,54,0
35,2,55,0
35,2,56,1
35,2,57,1
35,2,58,1
35,2,59,1
35,2,60,0
35,2,61,1
35,2,62,0
35,2,63,0
35,2,64,1
35,2,65,0
35,2,66,0
35,2,67,0
35,2,68,0
35,2,69,0
35,2,70,0
35,2,71,1
35,2,72,1
35,2,73,0
35,2,74,1
35,2,75,1
35,2,76,0
35,2,77,0
35,2,78,0
35,2,79,1
35,2,80,1
35,2,81,0
35,2,82,0
35,2,83,0
35,2,84,1
35,2,85,1
35,2,86,0
35,2,87,0
35,2,88,1
35,2,89,0
35,2,90,0
35,2,91,1
35,2,92,0
35,2,93,0
35,2,94,1
35,2,95,1
35,2,96,0
35,2,97,1
35,2,98,1
35,2,99,0
35,2,100,0
36,1,1,0
36,1,2,1
36,1,3,1
36,1,4,0
36,1,5,1
36,1,6,0
36,1,7,0
36,1,8,1
36,1,9,1
36,1,10,0
36,1,11,1
36,1,12,1
36,1,13,0
36,1,14,1
36,1,15,1
36,1,16,0
36,1,17,0
36,1,18,0
36,1,19,0
36,1,20,1
36,1,21,1
36,1,22,0
36,1,23,1
36,1,24,1
36,1,25,1
36,1,26,0
36,1,27,1
36,1,28,0
36,1,29,1
36,1,30,1
36,1,31,1
36,1,32,1
36,1,33,0
36,1,34,0
36,1,35,0
36,1,36,0
36,1,37,1
36,1,38,1
36,1,39,1
36,1,40,0
36,1,41,0
36,1,42,0
36,1,43,0
36,1,44,1
36,1,45,0
36,1,46,0
36,1,47,0
36,1,48,1
36,1,49,1
36,1,50,1
36,1,51,1
36,1,52,0
36,1,53,1
36,1,54,0
36,1,55,0
36,1,56,0
36,1,57,1
36,1,58,0
36,1,59,0
36,1,60,1
36,1,61,0
36,1,62,0
36,1,63,1
36,1,64,1
36,1,65,0
36,1,66,1
36,1,67,1
36,1,68,1
36,1,69,0
36,1,70,1
36,1,71,0
36,1,72,1
36,1,73,0
36,1,74,0
36,1,75,0
36,1,76,0
36,1,77,1
36,1,78,1
36,1,79,1
36,1,80,1
36,1,81,0
36,1,82,1
36,1,83,1
36,1,84,1
36,1,85,0
36,1,86,0
36,1,87,1
36,1,88,0
36,1,89,0
36,1,90,1
36,1,91,1
36,1,92,0
36,1,93,0
36,1,94,0
36,1,95,1
36,1,96,0
36,1,97,1
36,1,98,1
36,1,99,1
36,1,100,1
36,2,1,1
36,2,2,1
36,2,3,0
36,2,4,1
36,2,5,1
36,2,6,0
36,2,7,0
36,2,8,1
36,2,9,0
36,2,10,1
36,2,11,0
36,2,12,0
36,2,13,0
36,2,14,1
36,2,15,0
36,2,16,0
36,2,17,1
36,2,18,0
36,2,19,1
36,2,20,0
36,2,21,0
36,2,22,0
36,2,23,0
36,2,24,0
36,2,25,0
36,2,26,0
36,2,27,1
36,2,28,0
36,2,29,0
36,2,30,0
36,2,31,1
36,2,32,1
36,2,33,0
36,2,34,1
36,2,35,1
36,2,36,1
36,2,37,0
36,2,38,0
36,2,39,1
36,2,40,1
36,2,41,0
36,2,42,0
36,2,43,0
36,2,44,1
36,2,45,1
36,2,46,0
36,2,47,1
36,2,48,1
36,2,49,0
36,2,50,0
36,2,51,0
36,2,52,0
36,2,53,0
36,2,54,0
36,2,55,0
36,2,56,0
36,2,57,0
36,2,58,1
36,2,59,1
36,2,60,0
36,2,61,1
36,2,62,0
36,2,63,1
36,2,64,0
36,2,65,0
36,2,66,0
36,2,67,1
36,2,68,1
36,2,69,1
36,2,70,0
36,2,71,1
36,2,72,0
36,2,73,0
36,2,74,0
36,2,75,0
36,2,76,1
36,2,77,1
36,2,78,0
36,2,79,0
36,2,80,0
36,2,81,1
36,2,82,0
36,2,83,0
36,2,84,0
36,2,85,0
36,2,86,0
36,2,87,0
36,2,88,0
36,2,89,0
36,2,90,0
36,2,91,0
36,2,92,0
36,2,93,0
36,2,94,0
36,2,95,0
36,2,96,1
36,2,97,0
36,2,98,0
36,2,99,0
36,2,100,0
37,1,1,1
37,1,2,0
37,1,3,1
37,1,4,1
37,1,5,0
37,1,6,0
37,1,7,0
37,1,8,1
37,1,9,0
37,1,10,0
37,1,11,1
37,1,12,0
37,1,13,1
37,1,14,0
37,1,15,1
37,1,16,1
37,1,17,0
37,1,18,1
37,1,19,0
37,1,20,1
37,1,21,1
37,1,22,0
37,1,23,1
37,1,24,1
37,1,25,1
37,1,26,0
37,1,27,1
37,1,28,1
37,1,29,1
37,1,30,0
37,1,31,0
37,1,32,0
37,1,33,1
37,1,34,0
37,1,35,0
37,1,36,0
37,1,37,1
37,1,38,0
37,1,39,1
37,1,40,1
37,1,41,1
37,1,42,0
37,1,43,0
37,1,44,1
37,1,45,1
37,1,46,0
37,1,47,1
37,1,48,1
37,1,49,0
37,1,50,0
37,1,51,1
37,1,52,0
37,1,53,0
37,1,54,0
37,1,55,1
37,1,56,1
37,1,57,1
37,1,58,0
37,1,59,0
37,1,60,1
37,1,61,1
37,1,62,1
37,1,63,0
37,1,64,1
37,1,65,1
37,1,66,1
37,1,67,1
37,1,68,1
37,1,69,0
37,1,70,1
37,1,71,1
37,1,72,0
37,1,73,1
37,1,74,1
37,1,75,0
37,1,76,0
37,1,77,0
37,1,78,1
37,1,79,0
37,1,80,1
37,1,81,0
37,1,82,0
37,1,83,0
37,1,84,0
37,1,85,0
37,1,86,0
37,1,87,1
37,1,88,0
37,1,89,0
37,1,90,1
37,1,91,1
37,1,92,0
37,1,93,0
37,1,94,0
37,1,95,1
37,1,96,1
37,1,97,1
37,1,98,1
37,1,99,1
37,1,100,0
37,2,1,0
37,2,2,0
37,2,3,0
37,2,4,1
37,2,5,1
37,2,6,1
37,2,7,0
37,2,8,1
37,2,9,0
37,2,10,0
37,2,11,1
37,2,12,0
37,2,13,0
37,2,14,0
37,2,15,1
37,2,16,1
37,2,17,1
37,2,18,1
37,2,19,0
37,2,20,1
37,2,21,1
37,2,22,0
37,2,23,0
37,2,24,1
37,2,25,0
37,2,26,0
37,2,27,0
37,2,28,0
37,2,29,0
37,2,30,0
37,2,31,0
37,2,32,0
37,2,33,0
37,2,34,0
37,2,35,1
37,2,36,0
37,2,37,1
37,2,38,1
37,2,39,0
37,2,40,1
37,2,41,1
37,2,42,0
37,2,43,0
37,2,44,1
37,2,45,0
37,2,46,0
37,2,47,1
37,2,48,0
37,2,49,0
37,2,50,0
37,2,51,1
37,2,52,0
37,2,53,0
37,2,54,1
37,2,55,0
37,2,56,1
37,2,57,0
37,2,58,0
37,2,59,1
37,2,60,0
37,2,61,1
37,2,62,0
37,2,63,1
37,2,64,0
37,2,65,0
37,2,66,1
37,2,67,0
37,2,68,1
37,2,69,0
37,2,70,1
37,2,71,0
37,2,72,0
37,2,73,0
37,2,74,1
37,2,75,1
37,2,76,0
37,2,77,0
37,2,78,1
37,2,79,1
37,2,80,1
37,2,81,1
37,2,82,1
37,2,83,0
37,2,84,0
37,2,85,0
37,2,86,0
37,2,87,0
37,2,88,0
37,2,89,1
37,2,90,1
37,2,91,0
37,2,92,0
37,2,93,0
37,2,94,1
37,2,95,1
37,2,96,0
37,2,97,0
37,2,98,1
37,2,99,1
37,2,100,1
38,1,1,0
38,1,2,1
38,1,3,0
38,1,4,1
38,1,5,0
38,1,6,1
38,1,7,0
38,1,8,0
38,1,9,0
38,1,10,0
38,1,11,1
38,1,12,0
38,1,13,0
38,1,14,0
38,1,15,1
38,1,16,0
38,1,17,1
38,1,18,0
38,1,19,1
38,1,20,0
38,1,21,0
38,1,22,0
38,1,23,1
38,1,24,0
38,1,25,1
38,1,26,1
38,1,27,0
38,1,28,1
38,1,29,0
38,1,30,0
38,1,31,0
38,1,32,1
38,1,33,1
38,1,34,0
38,1,35,0
38,1,36,0
38,1,37,0
38,1,38,1
38,1,39,1
38,1,40,1
38,1,41,0
38,1,42,0
38,1,43,0
38,1,44,1
38,1,45,0
38,1,46,1
38,1,47,1
38,1,48,1
38,1,49,1
38,1,50,0
38,1,51,1
38,1,52,1
38,1,53,1
38,1,54,1
38,1,55,0
38,1,56,1
38,1,57,1
38,1,58,1
38,1,59,1
38,1,60,0
38,1,61,1
38,1,62,0
38,1,63,0
38,1,64,0
38,1,65,1
38,1,66,1
38,1,67,0
38,1,68,0
38,1,69,1
38,1,70,1
38,1,71,1
38,1,72,1
38,1,73,0
38,1,74,0
38,1,75,0
38,1,76,0
38,1,77,1
38,1,78,0
38,1,79,0
38,1,80,1
38,1,81,0
38,1,82,0
38,1,83,1
38,1,84,1
38,1,85,1
38,1,86,0
38,1,87,1
38,1,88,0
38,1,89,0
38,1,90,0
38,1,91,0
38,1,92,0
38,1,93,0
38,1,94,1
38,1,95,0
38,1,96,0
38,1,97,1
38,1,98,0
38,1,99,1
38,1,100,0
38,2,1,0
38,2,2,0
38,2,3,1
38,2,4,1
38,2,5,1
38,2,6,0
38,2,7,0
38,2,8,0
38,2,9,1
38,2,10,0
38,2,11,0
38,2,12,0
38,2,13,1
38,2,14,0
38,2,15,1
38,2,16,1
38,2,17,1
38,2,18,1
38,2,19,1
38,2,20,1
38,2,21,0
38,2,22,0
38,2,23,0
38,2,24,0
38,2,25,0
38,2,26,1
38,2,27,0
38,2,28,1
38,2,29,1
38,2,30,1
38,2,31,0
38,2,32,1
38,2,33,0
38,2,34,1
38,2,35,0
38,2,36,0
38,2,37,1
38,2,38,0
38,2,39,1
38,2,40,1
38,2,41,0
38,2,42,0
38,2,43,0
38,2,44,0
38,2,45,0
38,2,46,0
38,2,47,0
38,2,48,1
38,2,49,1
38,2,50,1
38,2,51,0
38,2,52,0
38,2,53,0
38,2,54,0
38,2,55,1
38,2,56,0
38,2,57,0
38,2,58,0
38,2,59,0
38,2,60,0
38,2,61,0
38,2,62,1
38,2,63,1
38,2,64,0
38,2,65,0
38,2,66,0
38,2,67,0
38,2,68,0
38,2,69,0
38,2,70,1
38,2,71,0
38,2,72,0
38,2,73,0
38,2,74,0
38,2,75,0
38,2,76,1
38,2,77,1
38,2,78,0
38,2,79,0
38,2,80,0
38,2,81,0
38,2,82,0
38,2,83,0
38,2,84,0
38,2,85,1
38,2,86,0
38,2,87,1
38,2,88,0
38,2,89,1
38,2,90,0
38,2,91,1
38,2,92,0
38,2,93,1
38,2,94,0
38,2,95,0
38,2,96,0
38,2,97,1
38,2,98,0
38,2,99,0
38,2,100,1
39,1,1,1
39,1,2,1
39,1,3,0
39,1,4,1
39,1,5,1
39,1,6,1
39,1,7,0
39,1,8,1
39,1,9,0
39,1,10,0
39,1,11,0
39,1,12,0
39,1,13,1
39,1,14,1
39,1,15,1
39,1,16,0
39,1,17,0
39,1,18,1
39,1,19,0
39,1,20,1
39,1,21,1
39,1,22,1
39,1,23,1
39,1,24,1
39,1,25,0
39,1,26,0
39,1,27,0
39,1,28,1
39,1,29,0
39,1,30,0
39,1,31,1
39,1,32,1
39,1,33,1
39,1,34,1
39,1,35,1
39,1,36,0
39,1,37,1
39,1,38,1
39,1,39,0
39,1,40,0
39,1,41,1
39,1,42,0
39,1,43,0
39,1,44,1
39,1,45,1
39,1,46,0
39,1,47,1
39,1,48,0
39,1,49,0
39,1,50,0
39,1,51,1
39,1,52,0
39,1,53,0
39,1,54,0
39,1,55,0
39,1,56,1
39,1,57,0
39,1,58,0
39,1,59,0
39,1,60,1
39,1,61,1
39,1,62,0
39,1,63,0
39,1,64,0
39,1,65,0
39,1,66,1
39,1,67,0
39,1,68,0
39,1,69,0
39,1,70,1
39,1,71,0
39,1,72,0
39,1,73,0
39,1,74,0
39,1,75,1
39,1,76,0
39,1,77,1
39,1,78,1
39,1,79,1
39,1,80,0
39,1,81,0
39,1,82,0
39,1,83,0
39,1,84,0
39,1,85,0
39,1,86,1
39,1,87,1
39,1,88,1
39,1,89,0
39,1,90,1
39,1,91,0
39,1,92,1
39,1,93,0
39,1,94,1
39,1,95,1
39,1,96,0
39,1,97,1
39,1,98,0
39,1,99,0
39,1,100,0
39,2,1,1
39,2,2,0
39,2,3,0
39,2,4,0
39,2,5,1
39,2,6,0
39,2,7,1
39,2,8,0
39,2,9,1
39,2,10,1
39,2,11,1
39,2,12,0
39,2,13,1
39,2,14,0
39,2,15,0
39,2,16,0
39,2,17,1
39,2,18,1
39,2,19,0
39,2,20,0
39,2,21,0
39,2,22,1
39,2,23,0
39,2,24,0
39,2,25,0
39,2,26,0
39,2,27,1
39,2,28,1
39,2,29,0
39,2,30,1
39,2,31,0
39,2,32,0
39,2,33,1
39,2,34,1
39,2,35,1
39,2,36,1
39,2,37,0
39,2,38,0
39,2,39,0
39,2,40,1
39,2,41,0
39,2,42,0
39,2,43,0
39,2,44,1
39,2,45,0
39,2,46,1
39,2,47,1
39,2,48,1
39,2,49,0
39,2,50,0
39,2,51,1
39,2,52,0
39,2,53,1
39,2,54,0
39,2,55,0
39,2,56,1
39,2,57,1
39,2,58,1
39,2,59,1
39,2,60,1
39,2,61,0
39,2,62,0
39,2,63,0
39,2,64,0
39,2,65,0
39,2,66,1
39,2,67,0
39,2,68,0
39,2,69,1
39,2,70,0
39,2,71,0
39,2,72,0
39,2,73,1
39,2,74,1
39,2,75,1
39,2,76,1
39,2,77,0
39,2,78,0
39,2,79,0
39,2,80,0
39,2,81,0
39,2,82,0
39,2,83,0
39,2,84,1
39,2,85,0
39,2,86,1
39,2,87,0
39,2,88,0
39,2,89,1
39,2,90,1
39,2,91,0
39,2,92,1
39,2,93,1
39,2,94,1
39,2,95,1
39,2,96,0
39,2,97,0
39,2,98,1
39,2,99,1
39,2,100,0
40,1,1,1
40,1,2,1
40,1,3,1
40,1,4,0
40,1,5,1
40,1,6,1
40,1,7,1
40,1,8,1
40,1,9,1
40,1,10,1
40,1,11,1
40,1,12,0
40,1,13,0
40,1,14,0
40,1,15,0
40,1,16,1
40,1,17,0
40,1,18,0
40,1,19,1
40,1,20,1
40,1,21,0
40,1,22,1
40,1,23,0
40,1,24,0
40,1,25,1
40,1,26,1
40,1,27,0
40,1,28,0
40,1,29,0
40,1,30,0
40,1,31,0
40,1,32,0
40,1,33,1
40,1,34,0
40,1,35,0
40,1,36,1
40,1,37,1
40,1,38,0
40,1,39,1
40,1,40,0
40,1,41,1
40,1,42,1
40,1,43,0
40,1,44,0
40,1,45,0
40,1,46,0
40,1,47,1
40,1,48,1
40,1,49,1
40,1,50,1
40,1,51,1
40,1,52,0
40,1,53,0
40,1,54,0
40,1,55,1
40,1,56,1
40,1,57,1
40,1,58,0
40,1,59,0
40,1,60,1
40,1,61,0
40,1,62,0
40,1,63,0
40,1,64,1
40,1,65,0
40,1,66,1
40,1,67,1
40,1,68,0
40,1,69,1
40,1,70,1
40,1,71,1
40,1,72,1
40,1,73,1
40,1,74,1
40,1,75,1
40,1,76,0
40,1,77,0
40,1,78,0
40,1,79,0
40,1,80,0
40,1,81,1
40,1,82,1
40,1,83,0
40,1,84,1
40,1,85,1
40,1,86,0
40,1,87,1
40,1,88,1
40,1,89,1
40,1,90,0
40,1,91,0
40,1,92,1
40,1,93,0
40,1,94,1
40,1,95,0
40,1,96,0
40,1,97,0
40,1,98,1
40,1,99,0
40,1,100,0
40,2,1,1
40,2,2,0
40,2,3,0
40,2,4,0
40,2,5,0
40,2,6,0
40,2,7,0
40,2,8,0
40,2,9,1
40,2,10,0
40,2,11,0
40,2,12,0
40,2,13,1
40,2,14,0
40,2,15,1
40,2,16,0
40,2,17,0
40,2,18,0
40,2,19,0
40,2,20,1
40,2,21,0
40,2,22,1
40,2,23,0
40,2,24,0
40,2,25,1
40,2,26,0
40,2,27,0
40,2,28,0
40,2,29,0
40,2,30,1
40,2,31,1
40,2,32,1
40,2,33,0
40,2,34,1
40,2,35,1
40,2,36,0
40,2,37,1
40,2,38,0
40,2,39,0
40,2,40,1
40,2,41,1
40,2,42,1
40,2,43,0
40,2,44,1
40,2,45,0
40,2,46,1
40,2,47,0
40,2,48,1
40,2,49,1
40,2,50,1
40,2,51,1
40,2,52,0
40,2,53,0
40,2,54,1
40,2,55,0
40,2,56,0
40,2,57,0
40,2,58,0
40,2,59,0
40,2,60,0
40,2,61,1
40,2,62,1
40,2,63,0
40,2,64,0
40,2,65,1
40,2,66,1
40,2,67,0
40,2,68,0
40,2,69,1
40,2,70,1
40,2,71,0
40,2,72,0
40,2,73,0
40,2,74,0
40,2,75,1
40,2,76,0
40,2,77,0
40,2,78,1
40,2,79,1
40,2,80,0
40,2,81,0
40,2,82,0
40,2,83,1
40,2,84,1
40,2,85,1
40,2,86,0
40,2,87,0
40,2,88,0
40,2,89,1
40,2,90,0
40,2,91,1
40,2,92,0
40,2,93,0
40,2,94,1
40,2,95,1
40,2,96,1
40,2,97,1
40,2,98,1
40,2,99,0
40,2,100,0
41,1,1,1
41,1,2,0
41,1,3,0
41,1,4,1
41,1,5,0
41,1,6,0
41,1,7,1
41,1,8,0
41,1,9,0
41,1,10,0
41,1,11,0
41,1,12,1
41,1,13,0
41,1,14,1
41,1,15,0
41,1,16,1
41,1,17,0
41,1,18,0
41,1,19,1
41,1,20,0
41,1,21,0
41,1,22,1
41,1,23,1
41,1,24,0
41,1,25,0
41,1,26,1
41,1,27,1
41,1,28,0
41,1,29,1
41,1,30,0
41,1,31,1
41,1,32,1
41,1,33,1
41,1,34,0
41,1,35,1
41,1,36,1
41,1,37,1
41,1,38,1
41,1,39,1
41,1,40,1
41,1,41,1
41,1,42,1
41,1,43,1
41,1,44,1
41,1,45,1
41,1,46,1
41,1,47,0
41,1,48,0
41,1,49,0
41,1,50,1
41,1,51,0
41,1,52,0
41,1,53,0
41,1,54,1
41,1,55,1
41,1,56,0
41,1,57,1
41,1,58,0
41,1,59,0
41,1,60,1
41,1,61,1
41,1,62,1
41,1,63,0
41,1,64,0
41,1,65,0
41,1,66,1
41,1,67,1
41,1,68,0
41,1,69,0
41,1,70,0
41,1,71,0
41,1,72,1
41,1,73,0
41,1,74,0
41,1,75,1
41,1,76,0
41,1,77,1
41,1,78,1
41,1,79,0
41,1,80,1
41,1,81,0
41,1,82,0
41,1,83,0
41,1,84,1
41,1,85,0
41,1,86,1
41,1,87,1
41,1,88,0
41,1,89,0
41,1,90,1
41,1,91,1
41,1,92,1
41,1,93,1
41,1,94,1
41,1,95,0
41,1,96,0
41,1,97,0
41,1,98,1
41,1,99,1
41,1,100,0
41,2,1,1
41,2,2,0
41,2,3,1
41,2,4,0
41,2,5,1
41,2,6,1
41,2,7,0
41,2,8,0
41,2,9,0
41,2,10,1
41,2,11,1
41,2,12,0
41,2,13,1
41,2,14,0
41,2,15,0
41,2,16,1
41,2,17,0
41,2,18,0
41,2,19,0
41,2,20,0
41,2,21,1
41,2,22,0
41,2,23,1
41,2,24,0
41,2,25,0
41,2,26,0
41,2,27,0
41,2,28,1
41,2,29,1
41,2,30,1
41,2,31,0
41,2,32,1
41,2,33,0
41,2,34,0
41,2,35,0
41,2,36,0
41,2,37,1
41,2,38,1
41,2,39,0
41,2,40,0
41,2,41,0
41,2,42,1
41,2,43,0
41,2,44,0
41,2,45,1
41,2,46,1
41,2,47,0
41,2,48,0
41,2,49,0
41,2,50,1
41,2,51,1
41,2,52,0
41,2,53,1
41,2,54,0
41,2,55,0
41,2,56,0
41,2,57,1
41,2,58,0
41,2,59,0
41,2,60,0
41,2,61,0
41,2,62,0
41,2,63,0
41,2,64,1
41,2,65,1
41,2,66,0
41,2,67,0
41,2,68,0
41,2,69,0
41,2,70,0
41,2,71,1
41,2,72,0
41,2,73,1
41,2,74,0
41,2,75,1
41,2,76,1
41,2,77,1
41,2,78,0
41,2,79,0
41,2,80,0
41,2,81,1
41,2,82,1
41,2,83,0
41,2,84,1
41,2,85,1
41,2,86,0
41,2,87,1
41,2,88,1
41,2,89,1
41,2,90,1
41,2,91,0
41,2,92,0
41,2,93,0
41,2,94,0
41,2,95,1
41,2,96,0
41,2,97,0
41,2,98,0
41,2,99,1
41,2,100,0
42,1,1,1
42,1,2,1
42,1,3,1
42,1,4,1
42,1,5,0
42,1,6,0
42,1,7,1
42,1,8,1
42,1,9,0
42,1,10,1
42,1,11,0
42,1,12,0
42,1,13,1
42,1,14,1
42,1,15,0
42,1,16,1
42,1,17,0
42,1,18,1
42,1,19,1
42,1,20,1
42,1,21,0
42,1,22,1
42,1,23,0
42,1,24,0
42,1,25,1
42,1,26,1
42,1,27,1
42,1,28,1
42,1,29,1
42,1,30,0
42,1,31,1
42,1,32,1
42,1,33,1
42,1,34,0
42,1,35,1
42,1,36,1
42,1,37,0
42,1,38,1
42,1,39,0
42,1,40,1
42,1,41,1
42,1,42,0
42,1,43,1
42,1,44,0
42,1,45,1
42,1,46,0
42,1,47,0
42,1,48,0
42,1,49,0
42,1,50,1
42,1,51,0
42,1,52,1
42,1,53,1
42,1,54,1
42,1,55,0
42,1,56,0
42,1,57,0
42,1,58,0
42,1,59,0
42,1,60,1
42,1,61,1
42,1,62,0
42,1,63,1
42,1,64,1
42,1,65,0
42,1,66,0
42,1,67,0
42,1,68,1
42,1,69,1
42,1,70,0
42,1,71,1
42,1,72,1
42,1,73,0
42,1,74,0
42,1,75,0
42,1,76,0
42,1,77,0
42,1,78,0
42,1,79,1
42,1,80,1
42,1,81,0
42,1,82,1
42,1,83,1
42,1,84,1
42,1,85,0
42,1,86,1
42,1,87,0
42,1,88,0
42,1,89,0
42,1,90,0
42,1,91,1
42,1,92,1
42,1,93,1
42,1,94,0
42,1,95,0
42,1,96,0
42,1,97,0
42,1,98,1
42,1,99,0
42,1,100,0
42,2,1,0
42,2,2,1
42,2,3,1
42,2,4,1
42,2,5,0
42,2,6,1
42,2,7,0
42,2,8,1
42,2,9,1
42,2,10,1
42,2,11,0
42,2,12,0
42,2,13,1
42,2,14,0
42,2,15,1
42,2,16,1
42,2,17,0
42,2,18,0
42,2,19,0
42,2,20,1
42,2,21,1
42,2,22,0
42,2,23,0
42,2,24,0
42,2,25,0
42,2,26,0
42,2,27,1
42,2,28,1
42,2,29,0
42,2,30,1
42,2,31,0
42,2,32,1
42,2,33,0
42,2,34,0
42,2,35,1
42,2,36,1
42,2,37,1
42,2,38,1
42,2,39,1
42,2,40,1
42,2,41,0
42,2,42,1
42,2,43,1
42,2,44,0
42,2,45,0
42,2,46,0
42,2,47,1
42,2,48,0
42,2,49,1
42,2,50,1
42,2,51,1
42,2,52,0
42,2,53,0
42,2,54,0
42,2,55,0
42,2,56,1
42,2,57,1
42,2,58,0
42,2,59,1
42,2,60,0
42,2,61,0
42,2,62,0
42,2,63,1
42,2,64,0
42,2,65,0
42,2,66,1
42,2,67,1
42,2,68,1
42,2,69,1
42,2,70,0
42,2,71,1
42,2,72,0
42,2,73,0
42,2,74,0
42,2,75,0
42,2,76,1
42,2,77,1
42,2,78,1
42,2,79,0
42,2,80,0
42,2,81,0
42,2,82,1
42,2,83,0
42,2,84,0
42,2,85,1
42,2,86,1
42,2,87,0
42,2,88,0
42,2,89,0
42,2,90,1
42,2,91,0
42,2,92,0
42,2,93,0
42,2,94,0
42,2,95,1
42,2,96,0
42,2,97,0
42,2,98,1
42,2,99,0
42,2,100,0
43,1,1,0
43,1,2,0
43,1,3,1
43,1,4,0
43,1,5,1
43,1,6,1
43,1,7,0
43,1,8,1
43,1,9,0
43,1,10,0
43,1,11,0
43,1,12,0
43,1,13,1
43,1,14,1
43,1,15,0
43,1,16,0
43,1,17,1
43,1,18,1
43,1,19,0
43,1,20,1
43,1,21,1
43,1,22,1
43,1,23,1
43,1,24,0
43,1,25,1
43,1,26,1
43,1,27,0
43,1,28,0
43,1,29,0
43,1,30,1
43,1,31,0
43,1,32,0
43,1,33,1
43,1,34,0
43,1,35,1
43,1,36,0
43,1,37,0
43,1,38,1
43,1,39,1
43,1,40,0
43,1,41,1
43,1,42,0
43,1,43,1
43,1,44,1
43,1,45,0
43,1,46,1
43,1,47,1
43,1,48,0
43,1,49,1
43,1,50,1
43,1,51,0
43,1,52,1
43,1,53,0
43,1,54,1
43,1,55,1
43,1,56,1
43,1,57,1
43,1,58,0
43,1,59,0
43,1,60,0
43,1,61,0
43,1,62,1
43,1,63,1
43,1,64,1
43,1,65,0
43,1,66,0
43,1,67,1
43,1,68,0
43,1,69,0
43,1,70,1
43,1,71,0
43,1,72,1
43,1,73,0
43,1,74,0
43,1,75,0
43,1,76,1
43,1,77,1
43,1,78,1
43,1,79,0
43,1,80,1
43,1,81,0
43,1,82,1
43,1,83,0
43,1,84,1
43,1,85,1
43,1,86,1
43,1,87,0
43,1,88,1
43,1,89,0
43,1,90,1
43,1,91,1
43,1,92,0
43,1,93,1
43,1,94,0
43,1,95,0
43,1,96,0
43,1,97,1
43,1,98,1
43,1,99,1
43,1,100,0
43,2,1,0
43,2,2,0
43,2,3,1
43,2,4,0
43,2,5,1
43,2,6,0
43,2,7,1
43,2,8,0
43,2,9,0
43,2,10,0
43,2,11,1
43,2,12,1
43,2,13,1
43,2,14,1
43,2,15,1
43,2,16,1
43,2,17,1
43,2,18,0
43,2,19,1
43,2,20,1
43,2,21,0
43,2,22,1
43,2,23,0
43,2,24,1
43,2,25,0
43,2,26,1
43,2,27,0
43,2,28,1
43,2,29,1
43,2,30,0
43,2,31,0
43,2,32,0
43,2,33,1
43,2,34,1
43,2,35,0
43,2,36,0
43,2,37,0
43,2,38,0
43,2,39,0
43,2,40,0
43,2,41,0
43,2,42,1
43,2,43,0
43,2,44,0
43,2,45,1
43,2,46,1
43,2,47,1
43,2,48,0
43,2,49,0
43,2,50,0
43,2,51,1
43,2,52,0
43,2,53,0
43,2,54,0
43,2,55,0
43,2,56,0
43,2,57,1
43,2,58,0
43,2,59,0
43,2,60,1
43,2,61,0
43,2,62,1
43,2,63,0
43,2,64,1
43,2,65,1
43,2,66,1
43,2,67,1
43,2,68,0
43,2,69,0
43,2,70,0
43,2,71,0
43,2,72,0
43,2,73,1
43,2,74,0
43,2,75,0
43,2,76,0
43,2,77,0
43,2,78,1
43,2,79,0
43,2,80,1
43,2,81,1
43,2,82,0
43,2,83,0
43,2,84,0
43,2,85,1
43,2,86,0
43,2,87,0
43,2,88,1
43,2,89,1
43,2,90,0
43,2,91,0
43,2,92,1
43,2,93,1
43,2,94,0
43,2,95,0
43,2,96,0
43,2,97,1
43,2,98,0
43,2,99,0
43,2,100,0
44,1,1,1
44,1,2,1
44,1,3,1
44,1,4,1
44,1,5,0
44,1,6,0
44,1,7,1
44,1,8,1
44,1,9,0
44,1,10,0
44,1,11,0
44,1,12,1
44,1,13,1
44,1,14,1
44,1,15,0
44,1,16,0
44,1,17,1
44,1,18,1
44,1,19,0
44,1,20,1
44,1,21,0
44,1,22,1
44,1,23,0
44,1,24,1
44,1,25,1
44,1,26,1
44,1,27,0
44,1,28,0
44,1,29,1
44,1,30,1
44,1,31,0
44,1,32,1
44,1,33,1
44,1,34,1
44,1,35,0
44,1,36,0
44,1,37,1
44,1,38,0
44,1,39,0
44,1,40,0
44,1,41,1
44,1,42,1
44,1,43,0
44,1,44,1
44,1,45,1
44,1,46,1
44,1,47,1
44,1,48,0
44,1,49,1
44,1,50,0
44,1,51,0
44,1,52,1
44,1,53,1
44,1,54,1
44,1,55,1
44,1,56,0
44,1,57,1
44,1,58,0
44,1,59,0
44,1,60,1
44,1,61,1
44,1,62,0
44,1,63,0
44,1,64,1
44,1,65,1
44,1,66,0
44,1,67,0
44,1,68,0
44,1,69,1
44,1,70,1
44,1,71,0
44,1,72,0
44,1,73,0
44,1,74,1
44,1,75,0
44,1,76,1
44,1,77,1
44,1,78,0
44,1,79,0
44,1,80,1
44,1,81,1
44,1,82,0
44,1,83,1
44,1,84,0
44,1,85,1
44,1,86,1
44,1,87,0
44,1,88,1
44,1,89,1
44,1,90,1
44,1,91,1
44,1,92,0
44,1,93,0
44,1,94,1
44,1,95,0
44,1,96,1
44,1,97,0
44,1,98,1
44,1,99,1
44,1,100,1
44,2,1,1
44,2,2,1
44,2,3,1
44,2,4,1
44,2,5,1
44,2,6,0
44,2,7,1
44,2,8,1
44,2,9,0
44,2,10,0
44,2,11,0
44,2,12,0
44,2,13,1
44,2,14,1
44,2,15,0
44,2,16,1
44,2,17,1
44,2,18,0
44,2,19,0
44,2,20,0
44,2,21,1
44,2,22,0
44,2,23,0
44,2,24,1
44,2,25,0
44,2,26,0
44,2,27,1
44,2,28,0
44,2,29,1
44,2,30,0
44,2,31,0
44,2,32,0
44,2,33,0
44,2,34,1
44,2,35,0
44,2,36,0
44,2,37,0
44,2,38,0
44,2,39,1
44,2,40,0
44,2,41,1
44,2,42,0
44,2,43,1
44,2,44,0
44,2,45,0
44,2,46,1
44,2,47,1
44,2,48,0
44,2,49,1
44,2,50,0
44,2,51,0
44,2,52,0
44,2,53,0
44,2,54,1
44,2,55,1
44,2,56,0
44,2,57,0
44,2,58,0
44,2,59,1
44,2,60,1
44,2,61,0
44,2,62,1
44,2,63,0
44,2,64,0
44,2,65,1
44,2,66,0
44,2,67,0
44,2,68,1
44,2,69,1
44,2,70,0
44,2,71,0
44,2,72,1
44,2,73,0
44,2,74,1
44,2,75,0
44,2,76,0
44,2,77,1
44,2,78,1
44,2,79,1
44,2,80,0
44,2,81,1
44,2,82,0
44,2,83,0
44,2,84,0
44,2,85,0
44,2,86,0
44,2,87,0
44,2,88,0
44,2,89,0
44,2,90,0
44,2,91,1
44,2,92,0
44,2,93,1
44,2,94,0
44,2,95,0
44,2,96,0
44,2,97,0
44,2,98,1
44,2,99,0
44,2,100,0
45,1,1,1
45,1,2,0
45,1,3,1
45,1,4,0
45,1,5,1
45,1,6,1
45,1,7,0
45,1,8,0
45,1,9,0
45,1,10,1
45,1,11,0
45,1,12,1
45,1,13,0
45,1,14,1
45,1,15,1
45,1,16,0
45,1,17,1
45,1,18,1
45,1,19,1
45,1,20,0
45,1,21,1
45,1,22,0
45,1,23,0
45,1,24,0
45,1,25,0
45,1,26,0
45,1,27,1
45,1,28,1
45,1,29,1
45,1,30,1
45,1,31,0
45,1,32,0
45,1,33,0
45,1,34,1
45,1,35,0
45,1,36,1
45,1,37,1
45,1,38,0
45,1,39,0
45,1,40,0
45,1,41,1
45,1,42,0
45,1,43,1
45,1,44,0
45,1,45,1
45,1,46,0
45,1,47,0
45,1,48,1
45,1,49,1
45,1,50,0
45,1,51,1
45,1,52,1
45,1,53,1
45,1,54,0
45,1,55,0
45,1,56,1
45,1,57,0
45,1,58,1
45,1,59,0
45,1,60,0
45,1,61,0
45,1,62,0
45,1,63,0
45,1,64,0
45,1,65,1
45,1,66,0
45,1,67,0
45,1,68,0
45,1,69,0
45,1,70,0
45,1,71,0
45,1,72,0
45,1,73,0
45,1,74,0
45,1,75,0
45,1,76,0
45,1,77,0
45,1,78,0
45,1,79,1
45,1,80,0
45,1,81,1
45,1,82,1
45,1,83,0
45,1,84,1
45,1,85,1
45,1,86,1
45,1,87,0
45,1,88,1
45,1,89,0
45,1,90,0
45,1,91,1
45,1,92,1
45,1,93,1
45,1,94,0
45,1,95,1
45,1,96,1
45,1,97,1
45,1,98,0
45,1,99,1
45,1,100,1
45,2,1,0
45,2,2,1
45,2,3,0
45,2,4,1
45,2,5,0
45,2,6,0
45,2,7,0
45,2,8,0
45,2,9,0
45,2,10,1
45,2,11,0
45,2,12,1
45,2,13,0
45,2,14,1
45,2,15,0
45,2,16,0
45,2,17,1
45,2,18,0
45,2,19,0
45,2,20,1
45,2,21,0
45,2,22,1
45,2,23,1
45,2,24,1
45,2,25,0
45,2,26,0
45,2,27,1
45,2,28,0
45,2,29,0
45,2,30,1
45,2,31,0
45,2,32,0
45,2,33,0
45,2,34,0
45,2,35,0
45,2,36,0
45,2,37,0
45,2,38,0
45,2,39,0
45,2,40,0
45,2,41,0
45,2,42,0
45,2,43,0
45,2,44,1
45,2,45,1
45,2,46,1
45,2,47,1
45,2,48,0
45,2,49,1
45,2,50,1
45,2,51,1
45,2,52,1
45,2,53,0
45,2,54,0
45,2,55,0
45,2,56,0
45,2,57,1
45,2,58,0
45,2,59,0
45,2,60,0
45,2,61,1
45,2,62,1
45,2,63,0
45,2,64,0
45,2,65,0
45,2,66,0
45,2,67,1
45,2,68,0
45,2,69,0
45,2,70,0
45,2,71,0
45,2,72,0
45,2,73,0
45,2,74,0
45,2,75,0
45,2,76,1
45,2,77,1
45,2,78,0
45,2,79,0
45,2,80,0
45,2,81,0
45,2,82,0
45,2,83,0
45,2,84,0
45,2,85,1
45,2,86,0
45,2,87,1
45,2,88,0
45,2,89,0
45,2,90,1
45,2,91,1
45,2,92,0
45,2,93,0
45,2,94,0
45,2,95,1
45,2,96,1
45,2,97,1
45,2,98,0
45,2,99,0
45,2,100,1
46,1,1,0
46,1,2,1
46,1,3,0
46,1,4,1
46,1,5,0
46,1,6,0
46,1,7,0
46,1,8,1
46,1,9,0
46,1,10,1
46,1,11,0
46,1,12,0
46,1,13,0
46,1,14,0
46,1,15,1
46,1,16,1
46,1,17,0
46,1,18,0
46,1,19,1
46,1,20,1
46,1,21,0
46,1,22,0
46,1,23,0
46,1,24,1
46,1,25,0
46,1,26,1
46,1,27,1
46,1,28,1
46,1,29,1
46,1,30,0
46,1,31,1
46,1,32,1
46,1,33,1
46,1,34,0
46,1,35,1
46,1,36,1
46,1,37,0
46,1,38,0
46,1,39,1
46,1,40,1
46,1,41,1
46,1,42,0
46,1,43,0
46,1,44,1
46,1,45,0
46,1,46,0
46,1,47,1
46,1,48,1
46,1,49,1
46,1,50,1
46,1,51,0
46,1,52,1
46,1,53,1
46,1,54,0
46,1,55,0
46,1,56,0
46,1,57,1
46,1,58,1
46,1,59,0
46,1,60,1
46,1,61,0
46,1,62,0
46,1,63,1
46,1,64,0
46,1,65,1
46,1,66,1
46,1,67,1
46,1,68,0
46,1,69,0
46,1,70,1
46,1,71,0
46,1,72,1
46,1,73,1
46,1,74,1
46,1,75,1
46,1,76,0
46,1,77,1
46,1,78,1
46,1,79,1
46,1,80,0
46,1,81,1
46,1,82,1
46,1,83,0
46,1,84,1
46,1,85,1
46,1,86,0
46,1,87,0
46,1,88,0
46,1,89,0
46,1,90,1
46,1,91,0
46,1,92,1
46,1,93,1
46,1,94,1
46,1,95,0
46,1,96,0
46,1,97,0
46,1,98,0
46,1,99,1
46,1,100,0
46,2,1,1
46,2,2,0
46,2,3,0
46,2,4,0
46,2,5,1
46,2,6,0
46,2,7,0
46,2,8,1
46,2,9,1
46,2,10,0
46,2,11,1
46,2,12,1
46,2,13,1
46,2,14,0
46,2,15,0
46,2,16,0
46,2,17,0
46,2,18,1
46,2,19,1
46,2,20,0
46,2,21,1
46,2,22,0
46,2,23,1
46,2,24,0
46,2,25,0
46,2,26,1
46,2,27,0
46,2,28,1
46,2,29,1
46,2,30,0
46,2,31,0
46,2,32,0
46,2,33,0
46,2,34,0
46,2,35,1
46,2,36,1
46,2,37,0
46,2,38,0
46,2,39,0
46,2,40,1
46,2,41,1
46,2,42,0
46,2,43,1
46,2,44,0
46,2,45,0
46,2,46,0
46,2,47,0
46,2,48,0
46,2,49,1
46,2,50,0
46,2,51,0
46,2,52,1
46,2,53,0
46,2,54,0
46,2,55,0
46,2,56,0
46,2,57,1
46,2,58,0
46,2,59,1
46,2,60,0
46,2,61,0
46,2,62,1
46,2,63,0
46,2,64,0
46,2,65,1
46,2,66,0
46,2,67,0
46,2,68,0
46,2,69,0
46,2,70,0
46,2,71,0
46,2,72,1
46,2,73,0
46,2,74,1
46,2,75,0
46,2,76,0
46,2,77,0
46,2,78,0
46,2,79,0
46,2,80,0
46,2,81,0
46,2,82,0
46,2,83,0
46,2,84,0
46,2,85,0
46,2,86,1
46,2,87,0
46,2,88,0
46,2,89,0
46,2,90,0
46,2,91,1
46,2,92,1
46,2,93,1
46,2,94,1
46,2,95,1
46,2,96,1
46,2,97,0
46,2,98,0
46,2,99,1
46,2,100,0
47,1,1,0
47,1,2,1
47,1,3,1
47,1,4,1
47,1,5,1
47,1,6,1
47,1,7,0
47,1,8,1
47,1,9,0
47,1,10,0
47,1,11,1
47,1,12,0
47,1,13,0
47,1,14,1
47,1,15,0
47,1,16,1
47,1,17,0
47,1,18,1
47,1,19,0
47,1,20,0
47,1,21,0
47,1,22,1
47,1,23,0
47,1,24,1
47,1,25,1
47,1,26,0
47,1,27,0
47,1,28,1
47,1,29,1
47,1,30,0
47,1,31,1
47,1,32,0
47,1,33,0
47,1,34,1
47,1,35,0
47,1,36,1
47,1,37,1
47,1,38,0
47,1,39,1
47,1,40,0
47,1,41,0
47,1,42,1
47,1,43,0
47,1,44,1
47,1,45,1
47,1,46,1
47,1,47,0
47,1,48,0
47,1,49,1
47,1,50,0
47,1,51,0
47,1,52,1
47,1,53,0
47,1,54,1
47,1,55,0
47,1,56,1
47,1,57,0
47,1,58,0
47,1,59,1
47,1,60,1
47,1,61,0
47,1,62,0
47,1,63,1
47,1,64,1
47,1,65,0
47,1,66,1
47,1,67,1
47,1,68,0
47,1,69,0
47,1,70,0
47,1,71,1
47,1,72,0
47,1,73,0
47,1,74,1
47,1,75,0
47,1,76,0
47,1,77,0
47,1,78,1
47,1,79,0
47,1,80,1
47,1,81,0
47,1,82,1
47,1,83,1
47,1,84,0
47,1,85,1
47,1,86,1
47,1,87,0
47,1,88,1
47,1,89,1
47,1,90,0
47,1,91,1
47,1,92,0
47,1,93,1
47,1,94,1
47,1,95,1
47,1,96,1
47,1,97,0
47,1,98,1
47,1,99,0
47,1,100,0
47,2,1,0
47,2,2,1
47,2,3,0
47,2,4,0
47,2,5,0
47,2,6,1
47,2,7,0
47,2,8,1
47,2,9,0
47,2,10,0
47,2,11,0
47,2,12,0
47,2,13,0
47,2,14,0
47,2,15,0
47,2,16,0
47,2,17,1
47,2,18,0
47,2,19,0
47,2,20,0
47,2,21,0
47,2,22,1
47,2,23,0
47,2,24,1
47,2,25,0
47,2,26,0
47,2,27,0
47,2,28,1
47,2,29,0
47,2,30,1
47,2,31,1
47,2,32,0
47,2,33,0
47,2,34,0
47,2,35,0
47,2,36,0
47,2,37,1
47,2,38,1
47,2,39,0
47,2,40,0
47,2,41,1
47,2,42,0
47,2,43,1
47,2,44,1
47,2,45,1
47,2,46,1
47,2,47,0
47,2,48,1
47,2,49,1
47,2,50,1
47,2,51,1
47,2,52,1
47,2,53,0
47,2,54,0
47,2,55,1
47,2,56,0
47,2,57,1
47,2,58,1
47,2,59,0
47,2,60,0
47,2,61,0
47,2,62,0
47,2,63,0
47,2,64,1
47,2,65,1
47,2,66,0
47,2,67,0
47,2,68,0
47,2,69,0
47,2,70,0
47,2,71,0
47,2,72,1
47,2,73,0
47,2,74,1
47,2,75,0
47,2,76,0
47,2,77,0
47,2,78,0
47,2,79,0
47,2,80,0
47,2,81,0
47,2,82,1
47,2,83,0
47,2,84,0
47,2,85,1
47,2,86,1
47,2,87,1
47,2,88,0
47,2,89,1
47,2,90,0
47,2,91,1
47,2,92,0
47,2,93,0
47,2,94,0
47,2,95,0
47,2,96,0
47,2,97,0
47,2,98,0
47,2,99,0
47,2,100,1
48,1,1,1
48,1,2,0
48,1,3,0
48,1,4,0
48,1,5,0
48,1,6,0
48,1,7,1
48,1,8,0
48,1,9,1
48,1,10,1
48,1,11,0
48,1,12,1
48,1,13,0
48,1,14,1
48,1,15,1
48,1,16,0
48,1,17,0
48,1,18,0
48,1,19,1
48,1,20,0
48,1,21,0
48,1,22,0
48,1,23,0
48,1,24,0
48,1,25,1
48,1,26,1
48,1,27,0
48,1,28,0
48,1,29,1
48,1,30,1
48,1,31,1
48,1,32,1
48,1,33,0
48,1,34,1
48,1,35,1
48,1,36,1
48,1,37,0
48,1,38,1
48,1,39,1
48,1,40,1
48,1,41,0
48,1,42,1
48,1,43,0
48,1,44,1
48,1,45,0
48,1,46,1
48,1,47,0
48,1,48,0
48,1,49,0
48,1,50,0
48,1,51,0
48,1,52,0
48,1,53,1
48,1,54,0
48,1,55,1
48,1,56,1
48,1,57,0
48,1,58,0
48,1,59,1
48,1,60,0
48,1,61,0
48,1,62,0
48,1,63,0
48,1,64,1
48,1,65,1
48,1,66,1
48,1,67,0
48,1,68,1
48,1,69,1
48,1,70,0
48,1,71,1
48,1,72,1
48,1,73,0
48,1,74,1
48,1,75,0
48,1,76,1
48,1,77,0
48,1,78,1
48,1,79,1
48,1,80,0
48,1,81,1
48,1,82,1
48,1,83,0
48,1,84,0
48,1,85,1
48,1,86,0
48,1,87,1
48,1,88,1
48,1,89,0
48,1,90,1
48,1,91,0
48,1,92,0
48,1,93,0
48,1,94,1
48,1,95,0
48,1,96,0
48,1,97,1
48,1,98,1
48,1,99,0
48,1,100,0
48,2,1,0
48,2,2,1
48,2,3,0
48,2,4,0
48,2,5,1
48,2,6,0
48,2,7,1
48,2,8,0
48,2,9,0
48,2,10,1
48,2,11,1
48,2,12,1
48,2,13,1
48,2,14,0
48,2,15,1
48,2,16,1
48,2,17,0
48,2,18,0
48,2,19,0
48,2,20,0
48,2,21,1
48,2,22,1
48,2,23,0
48,2,24,0
48,2,25,1
48,2,26,0
48,2,27,1
48,2,28,1
48,2,29,1
48,2,30,0
48,2,31,0
48,2,32,0
48,2,33,0
48,2,34,0
48,2,35,0
48,2,36,1
48,2,37,0
48,2,38,1
48,2,39,1
48,2,40,0
48,2,41,0
48,2,42,0
48,2,43,0
48,2,44,0
48,2,45,0
48,2,46,0
48,2,47,0
48,2,48,1
48,2,49,1
48,2,50,0
48,2,51,1
48,2,52,1
48,2,53,0
48,2,54,0
48,2,55,1
48,2,56,1
48,2,57,1
48,2,58,0
48,2,59,0
48,2,60,1
48,2,61,1
48,2,62,1
48,2,63,0
48,2,64,1
48,2,65,0
48,2,66,0
48,2,67,1
48,2,68,0
48,2,69,0
48,2,70,1
48,2,71,1
48,2,72,0
48,2,73,0
48,2,74,1
48,2,75,0
48,2,76,1
48,2,77,0
48,2,78,0
48,2,79,1
48,2,80,0
48,2,81,1
48,2,82,0
48,2,83,0
48,2,84,1
48,2,85,1
48,2,86,1
48,2,87,0
48,2,88,0
48,2,89,0
48,2,90,0
48,2,91,0
48,2,92,1
48,2,93,0
48,2,94,1
48,2,95,0
48,2,96,1
48,2,97,1
48,2,98,0
48,2,99,1
48,2,100,0
49,1,1,1
49,1,2,1
49,1,3,1
49,1,4,0
49,1,5,1
49,1,6,1
49,1,7,1
49,1,8,0
49,1,9,0
49,1,10,0
49,1,11,0
49,1,12,1
49,1,13,0
49,1,14,0
49,1,15,1
49,1,16,1
49,1,17,1
49,1,18,1
49,1,19,1
49,1,20,0
49,1,21,0
49,1,22,1
49,1,23,1
49,1,24,0
49,1,25,0
49,1,26,1
49,1,27,0
49,1,28,0
49,1,29,1
49,1,30,1
49,1,31,1
49,1,32,1
49,1,33,0
49,1,34,0
49,1,35,0
49,1,36,1
49,1,37,1
49,1,38,0
49,1,39,1
49,1,40,1
49,1,41,1
49,1,42,1
49,1,43,1
49,1,44,0
49,1,45,1
49,1,46,0
49,1,47,1
49,1,48,1
49,1,49,0
49,1,50,0
49,1,51,1
49,1,52,1
49,1,53,0
49,1,54,1
49,1,55,0
49,1,56,1
49,1,57,1
49,1,58,0
49,1,59,1
49,1,60,1
49,1,61,1
49,1,62,0
49,1,63,1
49,1,64,0
49,1,65,0
49,1,66,1
49,1,67,0
49,1,68,0
49,1,69,1
49,1,70,1
49,1,71,1
49,1,72,0
49,1,73,1
49,1,74,0
49,1,75,0
49,1,76,0
49,1,77,0
49,1,78,1
49,1,79,0
49,1,80,0
49,1,81,0
49,1,82,0
49,1,83,0
49,1,84,0
49,1,85,0
49,1,86,0
49,1,87,1
49,1,88,0
49,1,89,1
49,1,90,0
49,1,91,0
49,1,92,1
49,1,93,1
49,1,94,1
49,1,95,0
49,1,96,1
49,1,97,1
49,1,98,1
49,1,99,0
49,1,100,1
49,2,1,1
49,2,2,0
49,2,3,0
49,2,4,1
49,2,5,0
49,2,6,0
49,2,7,1
49,2,8,0
49,2,9,1
49,2,10,0
49,2,11,0
49,2,12,1
49,2,13,0
49,2,14,0
49,2,15,0
49,2,16,0
49,2,17,1
49,2,18,1
49,2,19,1
49,2,20,0
49,2,21,0
49,2,22,0
49,2,23,1
49,2,24,0
49,2,25,1
49,2,26,1
49,2,27,0
49,2,28,0
49,2,29,0
49,2,30,0
49,2,31,0
49,2,32,0
49,2,33,1
49,2,34,0
49,2,35,0
49,2,36,0
49,2,37,1
49,2,38,1
49,2,39,0
49,2,40,1
49,2,41,1
49,2,42,0
49,2,43,1
49,2,44,0
49,2,45,1
49,2,46,0
49,2,47,0
49,2,48,0
49,2,49,1
49,2,50,1
49,2,51,0
49,2,52,0
49,2,53,0
49,2,54,0
49,2,55,0
49,2,56,0
49,2,57,1
49,2,58,0
49,2,59,0
49,2,60,0
49,2,61,0
49,2,62,0
49,2,63,0
49,2,64,0
49,2,65,1
49,2,66,0
49,2,67,1
49,2,68,0
49,2,69,0
49,2,70,0
49,2,71,1
49,2,72,1
49,2,73,0
49,2,74,0
49,2,75,0
49,2,76,1
49,2,77,0
49,2,78,0
49,2,79,0
49,2,80,1
49,2,81,0
49,2,82,1
49,2,83,0
49,2,84,0
49,2,85,0
49,2,86,0
49,2,87,1
49,2,88,0
49,2,89,1
49,2,90,0
49,2,91,0
49,2,92,0
49,2,93,1
49,2,94,0
49,2,95,0
49,2,96,0
49,2,97,1
49,2,98,0
49,2,99,1
49,2,100,0
50,1,1,1
50,1,2,1
50,1,3,1
50,1,4,1
50,1,5,0
50,1,6,0
50,1,7,1
50,1,8,0
50,1,9,0
50,1,10,1
50,1,11,1
50,1,12,1
50,1,13,1
50,1,14,1
50,1,15,1
50,1,16,0
50,1,17,0
50,1,18,1
50,1,19,1
50,1,20,0
50,1,21,1
50,1,22,0
50,1,23,0
50,1,24,1
50,1,25,0
50,1,26,1
50,1,27,1
50,1,28,0
50,1,29,0
50,1,30,0
50,1,31,1
50,1,32,0
50,1,33,1
50,1,34,0
50,1,35,1
50,1,36,1
50,1,37,1
50,1,38,1
50,1,39,1
50,1,40,1
50,1,41,1
50,1,42,0
50,1,43,1
50,1,44,0
50,1,45,1
50,1,46,1
50,1,47,0
50,1,48,1
50,1,49,1
50,1,50,1
50,1,51,1
50,1,52,1
50,1,53,0
50,1,54,1
50,1,55,0
50,1,56,1
50,1,57,0
50,1,58,0
50,1,59,1
50,1,60,1
50,1,61,0
50,1,62,1
50,1,63,1
50,1,64,0
50,1,65,1
50,1,66,0
50,1,67,0
50,1,68,0
50,1,69,0
50,1,70,1
50,1,71,0
50,1,72,1
50,1,73,0
50,1,74,1
50,1,75,1
50,1,76,0
50,1,77,0
50,1,78,0
50,1,79,1
50,1,80,0
50,1,81,0
50,1,82,1
50,1,83,0
50,1,84,0
50,1,85,1
50,1,86,0
50,1,87,0
50,1,88,0
50,1,89,1
50,1,90,1
50,1,91,0
50,1,92,1
50,1,93,0
50,1,94,1
50,1,95,0
50,1,96,1
50,1,97,1
50,1,98,1
50,1,99,1
50,1,100,0
50,2,1,0
50,2,2,1
50,2,3,0
50,2,4,0
50,2,5,0
50,2,6,0
50,2,7,1
50,2,8,1
50,2,9,0
50,2,10,0
50,2,11,0
50,2,12,0
50,2,13,1
50,2,14,1
50,2,15,1
50,2,16,0
50,2,17,1
50,2,18,0
50,2,19,0
50,2,20,0
50,2,21,1
50,2,22,1
50,2,23,0
50,2,24,0
50,2,25,0
50,2,26,1
50,2,27,1
50,2,28,0
50,2,29,0
50,2,30,1
50,2,31,0
50,2,32,1
50,2,33,1
50,2,34,0
50,2,35,0
50,2,36,0
50,2,37,1
50,2,38,0
50,2,39,1
50,2,40,1
50,2,41,0
50,2,42,1
50,2,43,0
50,2,44,1
50,2,45,0
50,2,46,0
50,2,47,0
50,2,48,0
50,2,49,0
50,2,50,0
50,2,51,0
50,2,52,0
50,2,53,1
50,2,54,0
50,2,55,1
50,2,56,0
50,2,57,1
50,2,58,1
50,2,59,0
50,2,60,0
50,2,61,0
50,2,62,1
50,2,63,1
50,2,64,0
50,2,65,0
50,2,66,1
50,2,67,1
50,2,68,0
50,2,69,0
50,2,70,0
50,2,71,0
50,2,72,0
50,2,73,0
50,2,74,1
50,2,75,0
50,2,76,1
50,2,77,0
50,2,78,0
50,2,79,1
50,2,80,0
50,2,81,0
50,2,82,0
50,2,83,0
50,2,84,1
50,2,85,0
50,2,86,0
50,2,87,0
50,2,88,0
50,2,89,0
50,2,90,1
50,2,91,1
50,2,92,0
50,2,93,1
50,2,94,0
50,2,95,1
50,2,96,0
50,2,97,0
50,2,98,1
50,2,99,1
50,2,100,1
